grant_key,source,award_year,topic,amount_native,currency,relevance_tier,is_core_match,is_broad_match
CORDIS_101044355,CORDIS,2022,AI-enabled catalysis,2000000.0,EUR,core_match,True,False
CORDIS_101045008,CORDIS,2022,AI-enabled catalysis,1997993.0,EUR,core_match,True,False
CORDIS_101046836,CORDIS,2022,AI-enabled catalysis,2871775.0,EUR,core_match,True,False
CORDIS_101057430,CORDIS,2022,AI-enabled catalysis,6205434.5,EUR,core_match,True,False
CORDIS_101058593,CORDIS,2022,AI-enabled catalysis,4997125.0,EUR,core_match,True,False
CORDIS_101058643,CORDIS,2022,AI-enabled catalysis,5707393.0,EUR,core_match,True,False
CORDIS_101058756,CORDIS,2022,AI-enabled catalysis,8358044.0,EUR,core_match,True,False
CORDIS_101062692,CORDIS,2022,AI-enabled catalysis,290444.16,EUR,core_match,True,False
CORDIS_101063836,CORDIS,2022,AI-enabled catalysis,214934.4,EUR,core_match,True,False
CORDIS_101064374,CORDIS,2022,AI-enabled catalysis,183530.4,EUR,core_match,True,False
CORDIS_101064660,CORDIS,2022,AI-enabled catalysis,173847.36,EUR,core_match,True,False
CORDIS_101064867,CORDIS,2022,AI-enabled catalysis,175608.96,EUR,core_match,True,False
CORDIS_101069690,CORDIS,2022,AI-enabled catalysis,3125714.75,EUR,core_match,True,False
CORDIS_101071876,CORDIS,2022,AI-enabled catalysis,75000.0,EUR,core_match,True,False
CORDIS_101084066,CORDIS,2022,AI-enabled catalysis,3306160.0,EUR,core_match,True,False
CORDIS_101082010,CORDIS,2023,AI-enabled catalysis,5999686.25,EUR,core_match,True,False
CORDIS_101088032,CORDIS,2023,AI-enabled catalysis,1996250.0,EUR,core_match,True,False
CORDIS_101092639,CORDIS,2023,AI-enabled catalysis,12889656.25,EUR,core_match,True,False
CORDIS_101092989,CORDIS,2023,AI-enabled catalysis,11115540.25,EUR,core_match,True,False
CORDIS_101095721,CORDIS,2023,AI-enabled catalysis,2500000.0,EUR,core_match,True,False
CORDIS_101098156,CORDIS,2023,AI-enabled catalysis,2499250.0,EUR,core_match,True,False
CORDIS_101104264,CORDIS,2023,AI-enabled catalysis,226441.2,EUR,core_match,True,False
CORDIS_101105312,CORDIS,2023,AI-enabled catalysis,172750.08,EUR,core_match,True,False
CORDIS_101105610,CORDIS,2023,AI-enabled catalysis,174222.96,EUR,core_match,True,False
CORDIS_101107360,CORDIS,2023,AI-enabled catalysis,173847.36,EUR,core_match,True,False
CORDIS_101108769,CORDIS,2023,AI-enabled catalysis,196829.28,EUR,core_match,True,False
CORDIS_101112677,CORDIS,2023,AI-enabled catalysis,150000.0,EUR,core_match,True,False
CORDIS_101112805,CORDIS,2023,AI-enabled catalysis,150000.0,EUR,core_match,True,False
CORDIS_101119947,CORDIS,2023,AI-enabled catalysis,3248503.2,EUR,core_match,True,False
CORDIS_101120726,CORDIS,2023,AI-enabled catalysis,10746872.0,EUR,core_match,True,False
CORDIS_101135168,CORDIS,2023,AI-enabled catalysis,3967284.0,EUR,core_match,True,False
CORDIS_101098001,CORDIS,2024,AI-enabled catalysis,3409401.0,EUR,core_match,True,False
CORDIS_101105235,CORDIS,2024,AI-enabled catalysis,165312.96,EUR,core_match,True,False
CORDIS_101116700,CORDIS,2024,AI-enabled catalysis,1499750.0,EUR,core_match,True,False
CORDIS_101117070,CORDIS,2024,AI-enabled catalysis,1499643.0,EUR,core_match,True,False
CORDIS_101118768,CORDIS,2024,AI-enabled catalysis,9973679.0,EUR,core_match,True,False
CORDIS_101131111,CORDIS,2024,AI-enabled catalysis,1467400.0,EUR,core_match,True,False
CORDIS_101135927,CORDIS,2024,AI-enabled catalysis,8428875.0,EUR,core_match,True,False
CORDIS_101137301,CORDIS,2024,AI-enabled catalysis,17591490.0,EUR,core_match,True,False
CORDIS_101137912,CORDIS,2024,AI-enabled catalysis,2764926.75,EUR,core_match,True,False
CORDIS_101141466,CORDIS,2024,AI-enabled catalysis,2500000.0,EUR,core_match,True,False
CORDIS_101149049,CORDIS,2024,AI-enabled catalysis,181152.96,EUR,core_match,True,False
CORDIS_101157528,CORDIS,2024,AI-enabled catalysis,4984163.75,EUR,core_match,True,False
CORDIS_101157840,CORDIS,2024,AI-enabled catalysis,5264779.0,EUR,core_match,True,False
CORDIS_101160108,CORDIS,2024,AI-enabled catalysis,1499987.51,EUR,core_match,True,False
CORDIS_101160467,CORDIS,2024,AI-enabled catalysis,3986000.0,EUR,core_match,True,False
CORDIS_101162908,CORDIS,2024,AI-enabled catalysis,1499285.0,EUR,core_match,True,False
CORDIS_101178148,CORDIS,2024,AI-enabled catalysis,13924216.39,EUR,core_match,True,False
CORDIS_101180584,CORDIS,2024,AI-enabled catalysis,150438.72,EUR,core_match,True,False
CORDIS_101180605,CORDIS,2024,AI-enabled catalysis,153486.72,EUR,core_match,True,False
CORDIS_101188864,CORDIS,2024,AI-enabled catalysis,2499525.0,EUR,core_match,True,False
CORDIS_101149037,CORDIS,2025,AI-enabled catalysis,164328.0,EUR,core_match,True,False
CORDIS_101153432,CORDIS,2025,AI-enabled catalysis,199694.4,EUR,core_match,True,False
CORDIS_101161975,CORDIS,2025,AI-enabled catalysis,1500000.0,EUR,core_match,True,False
CORDIS_101168623,CORDIS,2025,AI-enabled catalysis,2663654.4,EUR,broad_match,False,True
CORDIS_101169541,CORDIS,2025,AI-enabled catalysis,3949948.8,EUR,core_match,True,False
CORDIS_101170268,CORDIS,2025,AI-enabled catalysis,2158732.5,EUR,core_match,True,False
CORDIS_101171289,CORDIS,2025,AI-enabled catalysis,1998106.0,EUR,broad_match,False,True
CORDIS_101180719,CORDIS,2025,AI-enabled catalysis,177251.52,EUR,core_match,True,False
CORDIS_101182278,CORDIS,2025,AI-enabled catalysis,5099618.75,EUR,core_match,True,False
CORDIS_101187966,CORDIS,2025,AI-enabled catalysis,1499375.0,EUR,core_match,True,False
CORDIS_101192485,CORDIS,2025,AI-enabled catalysis,3977952.94,EUR,core_match,True,False
CORDIS_101192964,CORDIS,2025,AI-enabled catalysis,2497753.75,EUR,core_match,True,False
CORDIS_101199841,CORDIS,2025,AI-enabled catalysis,2776000.0,EUR,core_match,True,False
CORDIS_101201153,CORDIS,2025,AI-enabled catalysis,2498875.0,EUR,core_match,True,False
CORDIS_101204747,CORDIS,2025,AI-enabled catalysis,396991.08,EUR,core_match,True,False
CORDIS_101206288,CORDIS,2025,AI-enabled catalysis,251578.56,EUR,core_match,True,False
CORDIS_101206634,CORDIS,2025,AI-enabled catalysis,322164.36,EUR,core_match,True,False
CORDIS_101213091,CORDIS,2025,AI-enabled catalysis,499999.65,EUR,core_match,True,False
CORDIS_101219789,CORDIS,2025,AI-enabled catalysis,1486906.0,EUR,core_match,True,False
CORDIS_101227458,CORDIS,2025,AI-enabled catalysis,3464356.68,EUR,core_match,True,False
CORDIS_101234224,CORDIS,2025,AI-enabled catalysis,15000000.0,EUR,core_match,True,False
NSF_1946970,NSF,2021,AI-enabled catalysis,39723284.0,USD,core_match,True,False
NSF_2019976,NSF,2021,AI-enabled catalysis,754935.0,USD,core_match,True,False
NSF_2036944,NSF,2021,AI-enabled catalysis,500000.0,USD,broad_match,False,True
NSF_2042543,NSF,2021,AI-enabled catalysis,240006.0,USD,core_match,True,False
NSF_2042544,NSF,2021,AI-enabled catalysis,295905.0,USD,core_match,True,False
NSF_2044403,NSF,2021,AI-enabled catalysis,520936.0,USD,core_match,True,False
NSF_2045550,NSF,2021,AI-enabled catalysis,500000.0,USD,core_match,True,False
NSF_2046468,NSF,2021,AI-enabled catalysis,500000.0,USD,core_match,True,False
NSF_2047743,NSF,2021,AI-enabled catalysis,497036.0,USD,core_match,True,False
NSF_2053826,NSF,2021,AI-enabled catalysis,520538.0,USD,core_match,True,False
NSF_2055442,NSF,2021,AI-enabled catalysis,499312.0,USD,core_match,True,False
NSF_2100971,NSF,2021,AI-enabled catalysis,150000.0,USD,core_match,True,False
NSF_2101829,NSF,2021,AI-enabled catalysis,329815.0,USD,core_match,True,False
NSF_2102038,NSF,2021,AI-enabled catalysis,450000.0,USD,core_match,True,False
NSF_2102044,NSF,2021,AI-enabled catalysis,306214.0,USD,core_match,True,False
NSF_2102317,NSF,2021,AI-enabled catalysis,450000.0,USD,core_match,True,False
NSF_2102430,NSF,2021,AI-enabled catalysis,231999.0,USD,core_match,True,False
NSF_2102460,NSF,2021,AI-enabled catalysis,550000.0,USD,core_match,True,False
NSF_2102525,NSF,2021,AI-enabled catalysis,298001.0,USD,core_match,True,False
NSF_2102550,NSF,2021,AI-enabled catalysis,600000.0,USD,core_match,True,False
NSF_2103613,NSF,2021,AI-enabled catalysis,328435.0,USD,core_match,True,False
NSF_2103647,NSF,2021,AI-enabled catalysis,391499.0,USD,core_match,True,False
NSF_2103936,NSF,2021,AI-enabled catalysis,299926.0,USD,core_match,True,False
NSF_2104105,NSF,2021,AI-enabled catalysis,300068.0,USD,core_match,True,False
NSF_2107631,NSF,2021,AI-enabled catalysis,175000.0,USD,core_match,True,False
NSF_2114716,NSF,2021,AI-enabled catalysis,2000000.0,USD,core_match,True,False
NSF_2116646,NSF,2021,AI-enabled catalysis,1367545.0,USD,core_match,True,False
NSF_2116647,NSF,2021,AI-enabled catalysis,432455.0,USD,core_match,True,False
NSF_2117233,NSF,2021,AI-enabled catalysis,149919.0,USD,core_match,True,False
NSF_2117449,NSF,2021,AI-enabled catalysis,687060.0,USD,core_match,True,False
NSF_2117681,NSF,2021,AI-enabled catalysis,1187606.0,USD,core_match,True,False
NSF_2117896,NSF,2021,AI-enabled catalysis,2021603.0,USD,core_match,True,False
NSF_2118201,NSF,2021,AI-enabled catalysis,15540749.0,USD,core_match,True,False
NSF_2118860,NSF,2021,AI-enabled catalysis,1315946.0,USD,core_match,True,False
NSF_2118861,NSF,2021,AI-enabled catalysis,484054.0,USD,core_match,True,False
NSF_2119172,NSF,2021,AI-enabled catalysis,1799420.0,USD,core_match,True,False
NSF_2119754,NSF,2021,AI-enabled catalysis,4000000.0,USD,core_match,True,False
NSF_2122054,NSF,2021,AI-enabled catalysis,298982.0,USD,broad_match,False,True
NSF_2134534,NSF,2021,AI-enabled catalysis,500000.0,USD,core_match,True,False
NSF_2140762,NSF,2021,AI-enabled catalysis,299999.0,USD,core_match,True,False
NSF_2132622,NSF,2022,AI-enabled catalysis,257763.0,USD,core_match,True,False
NSF_2132807,NSF,2022,AI-enabled catalysis,342853.0,USD,core_match,True,False
NSF_2136676,NSF,2022,AI-enabled catalysis,255999.0,USD,core_match,True,False
NSF_2138523,NSF,2022,AI-enabled catalysis,199972.0,USD,core_match,True,False
NSF_2138938,NSF,2022,AI-enabled catalysis,199777.0,USD,core_match,True,False
NSF_2143941,NSF,2022,AI-enabled catalysis,572110.0,USD,core_match,True,False
NSF_2143952,NSF,2022,AI-enabled catalysis,599999.0,USD,core_match,True,False
NSF_2144153,NSF,2022,AI-enabled catalysis,650000.0,USD,core_match,True,False
NSF_2144556,NSF,2022,AI-enabled catalysis,656008.0,USD,core_match,True,False
NSF_2145657,NSF,2022,AI-enabled catalysis,625000.0,USD,core_match,True,False
NSF_2146254,NSF,2022,AI-enabled catalysis,3664884.0,USD,core_match,True,False
NSF_2148265,NSF,2022,AI-enabled catalysis,800808.0,USD,core_match,True,False
NSF_2150489,NSF,2022,AI-enabled catalysis,421536.0,USD,core_match,True,False
NSF_2151254,NSF,2022,AI-enabled catalysis,2000000.0,USD,core_match,True,False
NSF_2152767,NSF,2022,AI-enabled catalysis,364346.0,USD,core_match,True,False
NSF_2153215,NSF,2022,AI-enabled catalysis,331048.0,USD,core_match,True,False
NSF_2154237,NSF,2022,AI-enabled catalysis,600000.0,USD,core_match,True,False
NSF_2154291,NSF,2022,AI-enabled catalysis,510000.0,USD,core_match,True,False
NSF_2154367,NSF,2022,AI-enabled catalysis,510000.0,USD,core_match,True,False
NSF_2154428,NSF,2022,AI-enabled catalysis,360835.0,USD,core_match,True,False
NSF_2154447,NSF,2022,AI-enabled catalysis,199252.0,USD,core_match,True,False
NSF_2154502,NSF,2022,AI-enabled catalysis,505681.0,USD,core_match,True,False
NSF_2154747,NSF,2022,AI-enabled catalysis,429412.0,USD,core_match,True,False
NSF_2154760,NSF,2022,AI-enabled catalysis,464139.0,USD,core_match,True,False
NSF_2154781,NSF,2022,AI-enabled catalysis,380340.0,USD,broad_match,False,True
NSF_2200456,NSF,2022,AI-enabled catalysis,650787.0,USD,core_match,True,False
NSF_2200489,NSF,2022,AI-enabled catalysis,150000.0,USD,core_match,True,False
NSF_2200518,NSF,2022,AI-enabled catalysis,149999.0,USD,core_match,True,False
NSF_2203354,NSF,2022,AI-enabled catalysis,600003.0,USD,core_match,True,False
NSF_2203616,NSF,2022,AI-enabled catalysis,410112.0,USD,core_match,True,False
NSF_2203628,NSF,2022,AI-enabled catalysis,168791.0,USD,core_match,True,False
NSF_2204094,NSF,2022,AI-enabled catalysis,495000.0,USD,core_match,True,False
NSF_2209717,NSF,2022,AI-enabled catalysis,2264054.0,USD,core_match,True,False
NSF_2209718,NSF,2022,AI-enabled catalysis,1500000.0,USD,core_match,True,False
NSF_2213241,NSF,2022,AI-enabled catalysis,300000.0,USD,broad_match,False,True
NSF_2217824,NSF,2022,AI-enabled catalysis,6000000.0,USD,core_match,True,False
NSF_2218070,NSF,2022,AI-enabled catalysis,4000000.0,USD,core_match,True,False
NSF_2218841,NSF,2022,AI-enabled catalysis,340000.0,USD,core_match,True,False
NSF_2218938,NSF,2022,AI-enabled catalysis,860000.0,USD,core_match,True,False
NSF_2218958,NSF,2022,AI-enabled catalysis,500000.0,USD,core_match,True,False
NSF_2219761,NSF,2022,AI-enabled catalysis,475787.0,USD,broad_match,False,True
NSF_2221346,NSF,2022,AI-enabled catalysis,1800000.0,USD,core_match,True,False
NSF_2223670,NSF,2022,AI-enabled catalysis,332768.0,USD,core_match,True,False
NSF_2223676,NSF,2022,AI-enabled catalysis,242232.0,USD,core_match,True,False
NSF_2224189,NSF,2022,AI-enabled catalysis,48375.0,USD,core_match,True,False
NSF_2226383,NSF,2022,AI-enabled catalysis,489942.0,USD,core_match,True,False
NSF_2226451,NSF,2022,AI-enabled catalysis,444038.0,USD,core_match,True,False
NSF_2226475,NSF,2022,AI-enabled catalysis,564621.0,USD,core_match,True,False
NSF_2227112,NSF,2022,AI-enabled catalysis,418678.0,USD,core_match,True,False
NSF_2231174,NSF,2022,AI-enabled catalysis,300000.0,USD,core_match,True,False
NSF_2231740,NSF,2022,AI-enabled catalysis,49999.0,USD,core_match,True,False
NSF_2306125,NSF,2022,AI-enabled catalysis,432455.0,USD,core_match,True,False
NSF_2306929,NSF,2022,AI-enabled catalysis,600000.0,USD,core_match,True,False
NSF_2128556,NSF,2023,AI-enabled catalysis,195500000.0,USD,core_match,True,False
NSF_2231079,NSF,2023,AI-enabled catalysis,389768.0,USD,broad_match,False,True
NSF_2231080,NSF,2023,AI-enabled catalysis,392564.0,USD,broad_match,False,True
NSF_2231082,NSF,2023,AI-enabled catalysis,384549.0,USD,broad_match,False,True
NSF_2235329,NSF,2023,AI-enabled catalysis,299565.0,USD,core_match,True,False
NSF_2235778,NSF,2023,AI-enabled catalysis,743908.0,USD,core_match,True,False
NSF_2237629,NSF,2023,AI-enabled catalysis,607187.0,USD,core_match,True,False
NSF_2237792,NSF,2023,AI-enabled catalysis,650000.0,USD,core_match,True,False
NSF_2238081,NSF,2023,AI-enabled catalysis,770000.0,USD,broad_match,False,True
NSF_2238213,NSF,2023,AI-enabled catalysis,596736.0,USD,core_match,True,False
NSF_2238914,NSF,2023,AI-enabled catalysis,653842.0,USD,core_match,True,False
NSF_2240021,NSF,2023,AI-enabled catalysis,779556.0,USD,core_match,True,False
NSF_2245120,NSF,2023,AI-enabled catalysis,291349.0,USD,core_match,True,False
NSF_2245402,NSF,2023,AI-enabled catalysis,326416.0,USD,core_match,True,False
NSF_2245403,NSF,2023,AI-enabled catalysis,224847.0,USD,core_match,True,False
NSF_2246747,NSF,2023,AI-enabled catalysis,544758.0,USD,core_match,True,False
NSF_2246878,NSF,2023,AI-enabled catalysis,530000.0,USD,core_match,True,False
NSF_2247426,NSF,2023,AI-enabled catalysis,900000.0,USD,core_match,True,False
NSF_2247481,NSF,2023,AI-enabled catalysis,424350.0,USD,core_match,True,False
NSF_2247494,NSF,2023,AI-enabled catalysis,575000.0,USD,core_match,True,False
NSF_2247505,NSF,2023,AI-enabled catalysis,450000.0,USD,core_match,True,False
NSF_2247692,NSF,2023,AI-enabled catalysis,550000.0,USD,core_match,True,False
NSF_2303084,NSF,2023,AI-enabled catalysis,527186.0,USD,core_match,True,False
NSF_2303085,NSF,2023,AI-enabled catalysis,360773.0,USD,core_match,True,False
NSF_2303580,NSF,2023,AI-enabled catalysis,250000.0,USD,core_match,True,False
NSF_2303581,NSF,2023,AI-enabled catalysis,400000.0,USD,core_match,True,False
NSF_2305470,NSF,2023,AI-enabled catalysis,200000.0,USD,core_match,True,False
NSF_2306365,NSF,2023,AI-enabled catalysis,1000000.0,USD,core_match,True,False
NSF_2306975,NSF,2023,AI-enabled catalysis,500000.0,USD,core_match,True,False
NSF_2308979,NSF,2023,AI-enabled catalysis,18000000.0,USD,core_match,True,False
NSF_2309852,NSF,2023,AI-enabled catalysis,579734.0,USD,core_match,True,False
NSF_2310185,NSF,2023,AI-enabled catalysis,489134.0,USD,broad_match,False,True
NSF_2310663,NSF,2023,AI-enabled catalysis,20000.0,USD,core_match,True,False
NSF_2311104,NSF,2023,AI-enabled catalysis,499312.0,USD,core_match,True,False
NSF_2311632,NSF,2023,AI-enabled catalysis,4500000.0,USD,core_match,True,False
NSF_2312079,NSF,2023,AI-enabled catalysis,10000.0,USD,core_match,True,False
NSF_2312222,NSF,2023,AI-enabled catalysis,525848.0,USD,core_match,True,False
NSF_2312304,NSF,2023,AI-enabled catalysis,452293.0,USD,core_match,True,False
NSF_2317423,NSF,2023,AI-enabled catalysis,430722.0,USD,broad_match,False,True
NSF_2318105,NSF,2023,AI-enabled catalysis,1800000.0,USD,core_match,True,False
NSF_2318141,NSF,2023,AI-enabled catalysis,1800000.0,USD,core_match,True,False
NSF_2320196,NSF,2023,AI-enabled catalysis,910418.0,USD,core_match,True,False
NSF_2320458,NSF,2023,AI-enabled catalysis,172138.0,USD,broad_match,False,True
NSF_2320468,NSF,2023,AI-enabled catalysis,2500000.0,USD,broad_match,False,True
NSF_2320649,NSF,2023,AI-enabled catalysis,1399000.0,USD,core_match,True,False
NSF_2320929,NSF,2023,AI-enabled catalysis,557722.0,USD,broad_match,False,True
NSF_2321759,NSF,2023,AI-enabled catalysis,2038173.0,USD,core_match,True,False
NSF_2321760,NSF,2023,AI-enabled catalysis,900000.0,USD,core_match,True,False
NSF_2321761,NSF,2023,AI-enabled catalysis,311172.0,USD,core_match,True,False
NSF_2323118,NSF,2023,AI-enabled catalysis,570000.0,USD,core_match,True,False
NSF_2323546,NSF,2023,AI-enabled catalysis,1120000.0,USD,core_match,True,False
NSF_2323547,NSF,2023,AI-enabled catalysis,500000.0,USD,core_match,True,False
NSF_2323548,NSF,2023,AI-enabled catalysis,346684.0,USD,core_match,True,False
NSF_2323699,NSF,2023,AI-enabled catalysis,625184.0,USD,core_match,True,False
NSF_2323700,NSF,2023,AI-enabled catalysis,638566.0,USD,core_match,True,False
NSF_2323701,NSF,2023,AI-enabled catalysis,538249.0,USD,core_match,True,False
NSF_2324156,NSF,2023,AI-enabled catalysis,1219164.0,USD,core_match,True,False
NSF_2324157,NSF,2023,AI-enabled catalysis,314920.0,USD,core_match,True,False
NSF_2324158,NSF,2023,AI-enabled catalysis,465916.0,USD,core_match,True,False
NSF_2329470,NSF,2023,AI-enabled catalysis,340000.0,USD,core_match,True,False
NSF_2329471,NSF,2023,AI-enabled catalysis,300000.0,USD,core_match,True,False
NSF_2329857,NSF,2023,AI-enabled catalysis,999682.0,USD,broad_match,False,True
NSF_2331987,NSF,2023,AI-enabled catalysis,8000.0,USD,core_match,True,False
NSF_2334294,NSF,2023,AI-enabled catalysis,198692.0,USD,core_match,True,False
NSF_2348381,NSF,2023,AI-enabled catalysis,475787.0,USD,broad_match,False,True
NSF_2409891,NSF,2023,AI-enabled catalysis,342853.0,USD,core_match,True,False
NSF_2315305,NSF,2024,AI-enabled catalysis,15000000.0,USD,core_match,True,False
NSF_2323296,NSF,2024,AI-enabled catalysis,1500000.0,USD,core_match,True,False
NSF_2327715,NSF,2024,AI-enabled catalysis,500000.0,USD,core_match,True,False
NSF_2328159,NSF,2024,AI-enabled catalysis,499999.0,USD,core_match,True,False
NSF_2328176,NSF,2024,AI-enabled catalysis,499997.0,USD,core_match,True,False
NSF_2334969,NSF,2024,AI-enabled catalysis,340000.0,USD,core_match,True,False
NSF_2334970,NSF,2024,AI-enabled catalysis,320000.0,USD,core_match,True,False
NSF_2335833,NSF,2024,AI-enabled catalysis,17359944.0,USD,core_match,True,False
NSF_2337991,NSF,2024,AI-enabled catalysis,650000.0,USD,core_match,True,False
NSF_2340356,NSF,2024,AI-enabled catalysis,623481.0,USD,core_match,True,False
NSF_2342336,NSF,2024,AI-enabled catalysis,55000000.0,USD,core_match,True,False
NSF_2345305,NSF,2024,AI-enabled catalysis,2646259.0,USD,core_match,True,False
NSF_2345734,NSF,2024,AI-enabled catalysis,299569.0,USD,core_match,True,False
NSF_2346707,NSF,2024,AI-enabled catalysis,647613.0,USD,core_match,True,False
NSF_2348724,NSF,2024,AI-enabled catalysis,465000.0,USD,core_match,True,False
NSF_2348914,NSF,2024,AI-enabled catalysis,427964.0,USD,core_match,True,False
NSF_2350004,NSF,2024,AI-enabled catalysis,600000.0,USD,core_match,True,False
NSF_2350187,NSF,2024,AI-enabled catalysis,575000.0,USD,core_match,True,False
NSF_2350257,NSF,2024,AI-enabled catalysis,575000.0,USD,core_match,True,False
NSF_2400056,NSF,2024,AI-enabled catalysis,529170.0,USD,core_match,True,False
NSF_2400068,NSF,2024,AI-enabled catalysis,770000.0,USD,core_match,True,False
NSF_2400168,NSF,2024,AI-enabled catalysis,431454.0,USD,core_match,True,False
NSF_2400169,NSF,2024,AI-enabled catalysis,350000.0,USD,core_match,True,False
NSF_2400314,NSF,2024,AI-enabled catalysis,800000.0,USD,core_match,True,False
NSF_2400339,NSF,2024,AI-enabled catalysis,535830.0,USD,core_match,True,False
NSF_2400359,NSF,2024,AI-enabled catalysis,575000.0,USD,core_match,True,False
NSF_2401067,NSF,2024,AI-enabled catalysis,999999.0,USD,core_match,True,False
NSF_2401291,NSF,2024,AI-enabled catalysis,29000.0,USD,core_match,True,False
NSF_2404069,NSF,2024,AI-enabled catalysis,600000.0,USD,core_match,True,False
NSF_2404109,NSF,2024,AI-enabled catalysis,20000000.0,USD,core_match,True,False
NSF_2404265,NSF,2024,AI-enabled catalysis,656061.0,USD,core_match,True,False
NSF_2404266,NSF,2024,AI-enabled catalysis,151584.0,USD,core_match,True,False
NSF_2405026,NSF,2024,AI-enabled catalysis,150000.0,USD,core_match,True,False
NSF_2406112,NSF,2024,AI-enabled catalysis,175000.0,USD,core_match,True,False
NSF_2407935,NSF,2024,AI-enabled catalysis,811965.0,USD,core_match,True,False
NSF_2408401,NSF,2024,AI-enabled catalysis,1281509.0,USD,core_match,True,False
NSF_2409631,NSF,2024,AI-enabled catalysis,50000.0,USD,core_match,True,False
NSF_2411529,NSF,2024,AI-enabled catalysis,19494.0,USD,core_match,True,False
NSF_2411530,NSF,2024,AI-enabled catalysis,5254.0,USD,core_match,True,False
NSF_2412463,NSF,2024,AI-enabled catalysis,300000.0,USD,core_match,True,False
NSF_2414683,NSF,2024,AI-enabled catalysis,578793.0,USD,core_match,True,False
NSF_2420490,NSF,2024,AI-enabled catalysis,1800000.0,USD,core_match,True,False
NSF_2420536,NSF,2024,AI-enabled catalysis,1800000.0,USD,core_match,True,False
NSF_2420839,NSF,2024,AI-enabled catalysis,602669.0,USD,core_match,True,False
NSF_2423538,NSF,2024,AI-enabled catalysis,275000.0,USD,core_match,True,False
NSF_2424045,NSF,2024,AI-enabled catalysis,21000.0,USD,core_match,True,False
NSF_2428523,NSF,2024,AI-enabled catalysis,1800000.0,USD,core_match,True,False
NSF_2428524,NSF,2024,AI-enabled catalysis,900000.0,USD,core_match,True,False
NSF_2435622,NSF,2024,AI-enabled catalysis,2264054.0,USD,core_match,True,False
NSF_2438306,NSF,2024,AI-enabled catalysis,625000.0,USD,core_match,True,False
NSF_2440194,NSF,2024,AI-enabled catalysis,94479.0,USD,core_match,True,False
NSF_2508169,NSF,2024,AI-enabled catalysis,650787.0,USD,core_match,True,False
NSF_2528657,NSF,2024,AI-enabled catalysis,328435.0,USD,core_match,True,False
NSF_2414050,NSF,2025,AI-enabled catalysis,280405.0,USD,core_match,True,False
NSF_2414051,NSF,2025,AI-enabled catalysis,269542.0,USD,core_match,True,False
NSF_2430894,NSF,2025,AI-enabled catalysis,346593.0,USD,core_match,True,False
NSF_2435911,NSF,2025,AI-enabled catalysis,500000.0,USD,core_match,True,False
NSF_2437819,NSF,2025,AI-enabled catalysis,599926.0,USD,core_match,True,False
NSF_2440175,NSF,2025,AI-enabled catalysis,618100.0,USD,core_match,True,False
NSF_2441101,NSF,2025,AI-enabled catalysis,653043.0,USD,broad_match,False,True
NSF_2441420,NSF,2025,AI-enabled catalysis,540025.0,USD,core_match,True,False
NSF_2442223,NSF,2025,AI-enabled catalysis,635530.0,USD,core_match,True,False
NSF_2442964,NSF,2025,AI-enabled catalysis,550000.0,USD,core_match,True,False
NSF_2443952,NSF,2025,AI-enabled catalysis,625000.0,USD,core_match,True,False
NSF_2447758,NSF,2025,AI-enabled catalysis,364263.0,USD,core_match,True,False
NSF_2447861,NSF,2025,AI-enabled catalysis,464721.0,USD,core_match,True,False
NSF_2448848,NSF,2025,AI-enabled catalysis,6027980.0,USD,core_match,True,False
NSF_2449206,NSF,2025,AI-enabled catalysis,6328776.0,USD,broad_match,False,True
NSF_2451423,NSF,2025,AI-enabled catalysis,174953.0,USD,core_match,True,False
NSF_2452444,NSF,2025,AI-enabled catalysis,298686.0,USD,core_match,True,False
NSF_2452445,NSF,2025,AI-enabled catalysis,276385.0,USD,core_match,True,False
NSF_2452446,NSF,2025,AI-enabled catalysis,300000.0,USD,core_match,True,False
NSF_2452595,NSF,2025,AI-enabled catalysis,487125.0,USD,core_match,True,False
NSF_2452790,NSF,2025,AI-enabled catalysis,600000.0,USD,core_match,True,False
NSF_2453574,NSF,2025,AI-enabled catalysis,591217.0,USD,core_match,True,False
NSF_2453709,NSF,2025,AI-enabled catalysis,325000.0,USD,core_match,True,False
NSF_2453710,NSF,2025,AI-enabled catalysis,325000.0,USD,core_match,True,False
NSF_2453727,NSF,2025,AI-enabled catalysis,325000.0,USD,core_match,True,False
NSF_2453734,NSF,2025,AI-enabled catalysis,725000.0,USD,core_match,True,False
NSF_2500124,NSF,2025,AI-enabled catalysis,300000.0,USD,core_match,True,False
NSF_2500486,NSF,2025,AI-enabled catalysis,1590000.0,USD,core_match,True,False
NSF_2503933,NSF,2025,AI-enabled catalysis,19800000.0,USD,core_match,True,False
NSF_2505706,NSF,2025,AI-enabled catalysis,570071.0,USD,core_match,True,False
NSF_2505904,NSF,2025,AI-enabled catalysis,500645.0,USD,core_match,True,False
NSF_2505932,NSF,2025,AI-enabled catalysis,15000000.0,USD,core_match,True,False
NSF_2509993,NSF,2025,AI-enabled catalysis,380338.0,USD,core_match,True,False
NSF_2512091,NSF,2025,AI-enabled catalysis,350026.0,USD,core_match,True,False
NSF_2513268,NSF,2025,AI-enabled catalysis,344349.0,USD,core_match,True,False
NSF_2513473,NSF,2025,AI-enabled catalysis,680000.0,USD,core_match,True,False
NSF_2513474,NSF,2025,AI-enabled catalysis,1360000.0,USD,core_match,True,False
NSF_2513475,NSF,2025,AI-enabled catalysis,680000.0,USD,core_match,True,False
NSF_2513476,NSF,2025,AI-enabled catalysis,680000.0,USD,core_match,True,False
NSF_2514139,NSF,2025,AI-enabled catalysis,824984.0,USD,core_match,True,False
NSF_2514140,NSF,2025,AI-enabled catalysis,725000.0,USD,core_match,True,False
NSF_2514141,NSF,2025,AI-enabled catalysis,725000.0,USD,core_match,True,False
NSF_2514142,NSF,2025,AI-enabled catalysis,710889.0,USD,core_match,True,False
NSF_2518566,NSF,2025,AI-enabled catalysis,50000.0,USD,core_match,True,False
NSF_2522293,NSF,2025,AI-enabled catalysis,902786.0,USD,core_match,True,False
NSF_2522294,NSF,2025,AI-enabled catalysis,470614.0,USD,core_match,True,False
NSF_2522295,NSF,2025,AI-enabled catalysis,429646.0,USD,core_match,True,False
NSF_2522792,NSF,2025,AI-enabled catalysis,2000000.0,USD,core_match,True,False
NSF_2523241,NSF,2025,AI-enabled catalysis,719591.0,USD,core_match,True,False
NSF_2523242,NSF,2025,AI-enabled catalysis,640000.0,USD,core_match,True,False
NSF_2523243,NSF,2025,AI-enabled catalysis,640000.0,USD,core_match,True,False
NSF_2524369,NSF,2025,AI-enabled catalysis,289158.0,USD,core_match,True,False
NSF_2525533,NSF,2025,AI-enabled catalysis,620000.0,USD,core_match,True,False
NSF_2525779,NSF,2025,AI-enabled catalysis,49770.0,USD,broad_match,False,True
NSF_2526756,NSF,2025,AI-enabled catalysis,1249999.0,USD,core_match,True,False
NSF_2528067,NSF,2025,AI-enabled catalysis,301578.0,USD,core_match,True,False
NSF_2528472,NSF,2025,AI-enabled catalysis,50000.0,USD,core_match,True,False
NSF_2529581,NSF,2025,AI-enabled catalysis,489942.0,USD,core_match,True,False
NSF_2529603,NSF,2025,AI-enabled catalysis,299697.0,USD,core_match,True,False
NSF_2532469,NSF,2025,AI-enabled catalysis,223656.0,USD,core_match,True,False
NSF_2532771,NSF,2025,AI-enabled catalysis,249556.0,USD,core_match,True,False
NSF_2533046,NSF,2025,AI-enabled catalysis,450000.0,USD,core_match,True,False
NSF_2533416,NSF,2025,AI-enabled catalysis,750000.0,USD,core_match,True,False
NSF_2535176,NSF,2025,AI-enabled catalysis,400000.0,USD,core_match,True,False
NSF_2536089,NSF,2025,AI-enabled catalysis,99917.0,USD,broad_match,False,True
NSF_2537029,NSF,2025,AI-enabled catalysis,350000.0,USD,core_match,True,False
NSF_2538963,NSF,2025,AI-enabled catalysis,346684.0,USD,core_match,True,False
NSF_2554343,NSF,2025,AI-enabled catalysis,625184.0,USD,core_match,True,False
CORDIS_101040353,CORDIS,2022,AI-enabled chemistry,1462491.0,EUR,core_match,True,False
CORDIS_101040729,CORDIS,2022,AI-enabled chemistry,1485042.5,EUR,core_match,True,False
CORDIS_101042989,CORDIS,2022,AI-enabled chemistry,1499125.0,EUR,core_match,True,False
CORDIS_101043617,CORDIS,2022,AI-enabled chemistry,1999750.0,EUR,core_match,True,False
CORDIS_101044355,CORDIS,2022,AI-enabled chemistry,2000000.0,EUR,core_match,True,False
CORDIS_101044664,CORDIS,2022,AI-enabled chemistry,1996935.0,EUR,core_match,True,False
CORDIS_101045008,CORDIS,2022,AI-enabled chemistry,1997993.0,EUR,core_match,True,False
CORDIS_101046294,CORDIS,2022,AI-enabled chemistry,2047125.0,EUR,core_match,True,False
CORDIS_101046369,CORDIS,2022,AI-enabled chemistry,3263781.0,EUR,core_match,True,False
CORDIS_101046836,CORDIS,2022,AI-enabled chemistry,2871775.0,EUR,core_match,True,False
CORDIS_101046920,CORDIS,2022,AI-enabled chemistry,3000418.0,EUR,core_match,True,False
CORDIS_101052587,CORDIS,2022,AI-enabled chemistry,1944825.0,EUR,broad_match,False,True
CORDIS_101053801,CORDIS,2022,AI-enabled chemistry,2498759.0,EUR,core_match,True,False
CORDIS_101054629,CORDIS,2022,AI-enabled chemistry,2500000.0,EUR,core_match,True,False
CORDIS_101057430,CORDIS,2022,AI-enabled chemistry,6205434.5,EUR,core_match,True,False
CORDIS_101057619,CORDIS,2022,AI-enabled chemistry,22982612.0,EUR,core_match,True,False
CORDIS_101057844,CORDIS,2022,AI-enabled chemistry,7518062.0,EUR,core_match,True,False
CORDIS_101058224,CORDIS,2022,AI-enabled chemistry,2433125.0,EUR,core_match,True,False
CORDIS_101058310,CORDIS,2022,AI-enabled chemistry,6085644.0,EUR,core_match,True,False
CORDIS_101058547,CORDIS,2022,AI-enabled chemistry,4917262.5,EUR,core_match,True,False
CORDIS_101058756,CORDIS,2022,AI-enabled chemistry,8358044.0,EUR,core_match,True,False
CORDIS_101062593,CORDIS,2022,AI-enabled chemistry,206641.2,EUR,core_match,True,False
CORDIS_101062692,CORDIS,2022,AI-enabled chemistry,290444.16,EUR,core_match,True,False
CORDIS_101063496,CORDIS,2022,AI-enabled chemistry,189687.36,EUR,core_match,True,False
CORDIS_101063836,CORDIS,2022,AI-enabled chemistry,214934.4,EUR,core_match,True,False
CORDIS_101064251,CORDIS,2022,AI-enabled chemistry,181152.96,EUR,core_match,True,False
CORDIS_101064374,CORDIS,2022,AI-enabled chemistry,183530.4,EUR,core_match,True,False
CORDIS_101064867,CORDIS,2022,AI-enabled chemistry,175608.96,EUR,core_match,True,False
CORDIS_101069690,CORDIS,2022,AI-enabled chemistry,3125714.75,EUR,core_match,True,False
CORDIS_101069712,CORDIS,2022,AI-enabled chemistry,6976599.0,EUR,core_match,True,False
CORDIS_101071856,CORDIS,2022,AI-enabled chemistry,75000.0,EUR,core_match,True,False
CORDIS_101073486,CORDIS,2022,AI-enabled chemistry,2719285.2,EUR,core_match,True,False
CORDIS_101086667,CORDIS,2022,AI-enabled chemistry,2500000.0,EUR,core_match,True,False
CORDIS_101095679,CORDIS,2022,AI-enabled chemistry,6721927.26,EUR,core_match,True,False
CORDIS_101101077,CORDIS,2022,AI-enabled chemistry,150000.0,EUR,broad_match,False,True
CORDIS_190126641,CORDIS,2022,AI-enabled chemistry,2500000.0,EUR,core_match,True,False
CORDIS_190144355,CORDIS,2022,AI-enabled chemistry,2443616.88,EUR,core_match,True,False
CORDIS_190185351,CORDIS,2022,AI-enabled chemistry,2495788.75,EUR,core_match,True,False
CORDIS_101042844,CORDIS,2023,AI-enabled chemistry,1999958.0,EUR,core_match,True,False
CORDIS_101054957,CORDIS,2023,AI-enabled chemistry,2497298.0,EUR,core_match,True,False
CORDIS_101058056,CORDIS,2023,AI-enabled chemistry,1298712.0,EUR,core_match,True,False
CORDIS_101063504,CORDIS,2023,AI-enabled chemistry,184077.36,EUR,core_match,True,False
CORDIS_101069033,CORDIS,2023,AI-enabled chemistry,172750.08,EUR,core_match,True,False
CORDIS_101072578,CORDIS,2023,AI-enabled chemistry,3501489.6,EUR,core_match,True,False
CORDIS_101072732,CORDIS,2023,AI-enabled chemistry,2062771.2,EUR,core_match,True,False
CORDIS_101072895,CORDIS,2023,AI-enabled chemistry,3811636.8,EUR,core_match,True,False
CORDIS_101073474,CORDIS,2023,AI-enabled chemistry,2528157.6,EUR,core_match,True,False
CORDIS_101075451,CORDIS,2023,AI-enabled chemistry,1500000.0,EUR,broad_match,False,True
CORDIS_101076233,CORDIS,2023,AI-enabled chemistry,1486250.0,EUR,core_match,True,False
CORDIS_101077454,CORDIS,2023,AI-enabled chemistry,1499978.0,EUR,core_match,True,False
CORDIS_101077573,CORDIS,2023,AI-enabled chemistry,1500000.0,EUR,broad_match,False,True
CORDIS_101077842,CORDIS,2023,AI-enabled chemistry,1474182.0,EUR,core_match,True,False
CORDIS_101077879,CORDIS,2023,AI-enabled chemistry,1494006.0,EUR,core_match,True,False
CORDIS_101081373,CORDIS,2023,AI-enabled chemistry,1344000.0,EUR,core_match,True,False
CORDIS_101081395,CORDIS,2023,AI-enabled chemistry,4994262.25,EUR,broad_match,False,True
CORDIS_101086685,CORDIS,2023,AI-enabled chemistry,2932775.0,EUR,core_match,True,False
CORDIS_101088032,CORDIS,2023,AI-enabled chemistry,1996250.0,EUR,core_match,True,False
CORDIS_101088163,CORDIS,2023,AI-enabled chemistry,1995554.0,EUR,broad_match,False,True
CORDIS_101088587,CORDIS,2023,AI-enabled chemistry,2000000.0,EUR,core_match,True,False
CORDIS_101088734,CORDIS,2023,AI-enabled chemistry,1994069.0,EUR,core_match,True,False
CORDIS_101091534,CORDIS,2023,AI-enabled chemistry,5168000.0,EUR,core_match,True,False
CORDIS_101091912,CORDIS,2023,AI-enabled chemistry,5334182.5,EUR,core_match,True,False
CORDIS_101092944,CORDIS,2023,AI-enabled chemistry,4911425.0,EUR,core_match,True,False
CORDIS_101093897,CORDIS,2023,AI-enabled chemistry,2499811.0,EUR,broad_match,False,True
CORDIS_101094131,CORDIS,2023,AI-enabled chemistry,8265079.64,EUR,core_match,True,False
CORDIS_101095721,CORDIS,2023,AI-enabled chemistry,2500000.0,EUR,core_match,True,False
CORDIS_101095957,CORDIS,2023,AI-enabled chemistry,2499115.0,EUR,core_match,True,False
CORDIS_101097688,CORDIS,2023,AI-enabled chemistry,2498004.0,EUR,core_match,True,False
CORDIS_101098156,CORDIS,2023,AI-enabled chemistry,2499250.0,EUR,core_match,True,False
CORDIS_101099058,CORDIS,2023,AI-enabled chemistry,6069304.0,EUR,core_match,True,False
CORDIS_101099555,CORDIS,2023,AI-enabled chemistry,3204941.5,EUR,core_match,True,False
CORDIS_101099652,CORDIS,2023,AI-enabled chemistry,2533255.0,EUR,core_match,True,False
CORDIS_101102944,CORDIS,2023,AI-enabled chemistry,4903103.75,EUR,broad_match,False,True
CORDIS_101103628,CORDIS,2023,AI-enabled chemistry,4980428.75,EUR,broad_match,False,True
CORDIS_101104264,CORDIS,2023,AI-enabled chemistry,226441.2,EUR,core_match,True,False
CORDIS_101104602,CORDIS,2023,AI-enabled chemistry,230774.4,EUR,core_match,True,False
CORDIS_101105312,CORDIS,2023,AI-enabled chemistry,172750.08,EUR,core_match,True,False
CORDIS_101105506,CORDIS,2023,AI-enabled chemistry,216782.4,EUR,core_match,True,False
CORDIS_101105610,CORDIS,2023,AI-enabled chemistry,174222.96,EUR,core_match,True,False
CORDIS_101105645,CORDIS,2023,AI-enabled chemistry,186332.93,EUR,broad_match,False,True
CORDIS_101106307,CORDIS,2023,AI-enabled chemistry,287152.32,EUR,core_match,True,False
CORDIS_101107036,CORDIS,2023,AI-enabled chemistry,222727.68,EUR,broad_match,False,True
CORDIS_101107360,CORDIS,2023,AI-enabled chemistry,173847.36,EUR,core_match,True,False
CORDIS_101107884,CORDIS,2023,AI-enabled chemistry,230774.4,EUR,core_match,True,False
CORDIS_101108476,CORDIS,2023,AI-enabled chemistry,218666.88,EUR,core_match,True,False
CORDIS_101108769,CORDIS,2023,AI-enabled chemistry,196829.28,EUR,core_match,True,False
CORDIS_101112805,CORDIS,2023,AI-enabled chemistry,150000.0,EUR,core_match,True,False
CORDIS_101113400,CORDIS,2023,AI-enabled chemistry,150000.0,EUR,core_match,True,False
CORDIS_101113961,CORDIS,2023,AI-enabled chemistry,75000.0,EUR,core_match,True,False
CORDIS_101119947,CORDIS,2023,AI-enabled chemistry,3248503.2,EUR,core_match,True,False
CORDIS_101120466,CORDIS,2023,AI-enabled chemistry,3028356.0,EUR,core_match,True,False
CORDIS_101131014,CORDIS,2023,AI-enabled chemistry,2965384.75,EUR,core_match,True,False
CORDIS_101135168,CORDIS,2023,AI-enabled chemistry,3967284.0,EUR,core_match,True,False
CORDIS_101137466,CORDIS,2023,AI-enabled chemistry,8370156.75,EUR,core_match,True,False
CORDIS_101138097,CORDIS,2023,AI-enabled chemistry,9222570.5,EUR,core_match,True,False
CORDIS_190124924,CORDIS,2023,AI-enabled chemistry,2499999.0,EUR,core_match,True,False
CORDIS_190126414,CORDIS,2023,AI-enabled chemistry,2495850.0,EUR,core_match,True,False
CORDIS_190181387,CORDIS,2023,AI-enabled chemistry,2499525.0,EUR,core_match,True,False
CORDIS_101098001,CORDIS,2024,AI-enabled chemistry,3409401.0,EUR,core_match,True,False
CORDIS_101106848,CORDIS,2024,AI-enabled chemistry,172750.08,EUR,core_match,True,False
CORDIS_101107093,CORDIS,2024,AI-enabled chemistry,181152.96,EUR,core_match,True,False
CORDIS_101115476,CORDIS,2024,AI-enabled chemistry,3991297.0,EUR,core_match,True,False
CORDIS_101116700,CORDIS,2024,AI-enabled chemistry,1499750.0,EUR,core_match,True,False
CORDIS_101117070,CORDIS,2024,AI-enabled chemistry,1499643.0,EUR,core_match,True,False
CORDIS_101117758,CORDIS,2024,AI-enabled chemistry,1500000.0,EUR,core_match,True,False
CORDIS_101118581,CORDIS,2024,AI-enabled chemistry,6831455.0,EUR,broad_match,False,True
CORDIS_101118768,CORDIS,2024,AI-enabled chemistry,9973679.0,EUR,core_match,True,False
CORDIS_101119442,CORDIS,2024,AI-enabled chemistry,2589847.2,EUR,core_match,True,False
CORDIS_101119980,CORDIS,2024,AI-enabled chemistry,2474352.0,EUR,core_match,True,False
CORDIS_101120240,CORDIS,2024,AI-enabled chemistry,2532872.0,EUR,core_match,True,False
CORDIS_101124002,CORDIS,2024,AI-enabled chemistry,2000000.0,EUR,core_match,True,False
CORDIS_101124488,CORDIS,2024,AI-enabled chemistry,1867187.0,EUR,core_match,True,False
CORDIS_101129638,CORDIS,2024,AI-enabled chemistry,2664940.0,EUR,core_match,True,False
CORDIS_101130224,CORDIS,2024,AI-enabled chemistry,3438122.5,EUR,core_match,True,False
CORDIS_101130304,CORDIS,2024,AI-enabled chemistry,2997641.25,EUR,core_match,True,False
CORDIS_101130406,CORDIS,2024,AI-enabled chemistry,363400.0,EUR,broad_match,False,True
CORDIS_101130516,CORDIS,2024,AI-enabled chemistry,6891176.39,EUR,core_match,True,False
CORDIS_101131111,CORDIS,2024,AI-enabled chemistry,1467400.0,EUR,core_match,True,False
CORDIS_101132028,CORDIS,2024,AI-enabled chemistry,3999985.0,EUR,core_match,True,False
CORDIS_101134929,CORDIS,2024,AI-enabled chemistry,6200138.75,EUR,core_match,True,False
CORDIS_101135175,CORDIS,2024,AI-enabled chemistry,4996749.38,EUR,core_match,True,False
CORDIS_101135203,CORDIS,2024,AI-enabled chemistry,1076873.75,EUR,core_match,True,False
CORDIS_101135241,CORDIS,2024,AI-enabled chemistry,3998191.49,EUR,core_match,True,False
CORDIS_101135486,CORDIS,2024,AI-enabled chemistry,5405098.0,EUR,core_match,True,False
CORDIS_101135546,CORDIS,2024,AI-enabled chemistry,6774823.75,EUR,core_match,True,False
CORDIS_101136926,CORDIS,2024,AI-enabled chemistry,8547711.5,EUR,core_match,True,False
CORDIS_101137229,CORDIS,2024,AI-enabled chemistry,7999295.0,EUR,core_match,True,False
CORDIS_101137725,CORDIS,2024,AI-enabled chemistry,5106384.0,EUR,core_match,True,False
CORDIS_101137912,CORDIS,2024,AI-enabled chemistry,2764926.75,EUR,core_match,True,False
CORDIS_101138376,CORDIS,2024,AI-enabled chemistry,9257523.19,EUR,core_match,True,False
CORDIS_101138807,CORDIS,2024,AI-enabled chemistry,5195467.19,EUR,core_match,True,False
CORDIS_101140786,CORDIS,2024,AI-enabled chemistry,2477355.94,EUR,core_match,True,False
CORDIS_101141466,CORDIS,2024,AI-enabled chemistry,2500000.0,EUR,core_match,True,False
CORDIS_101146515,CORDIS,2024,AI-enabled chemistry,230774.4,EUR,core_match,True,False
CORDIS_101147457,CORDIS,2024,AI-enabled chemistry,4433848.75,EUR,core_match,True,False
CORDIS_101148683,CORDIS,2024,AI-enabled chemistry,195914.88,EUR,core_match,True,False
CORDIS_101149049,CORDIS,2024,AI-enabled chemistry,181152.96,EUR,core_match,True,False
CORDIS_101151352,CORDIS,2024,AI-enabled chemistry,206887.68,EUR,core_match,True,False
CORDIS_101151501,CORDIS,2024,AI-enabled chemistry,215534.4,EUR,core_match,True,False
CORDIS_101151569,CORDIS,2024,AI-enabled chemistry,203464.32,EUR,core_match,True,False
CORDIS_101151897,CORDIS,2024,AI-enabled chemistry,214934.4,EUR,core_match,True,False
CORDIS_101151941,CORDIS,2024,AI-enabled chemistry,211754.88,EUR,core_match,True,False
CORDIS_101152924,CORDIS,2024,AI-enabled chemistry,172750.08,EUR,core_match,True,False
CORDIS_101153528,CORDIS,2024,AI-enabled chemistry,181152.96,EUR,broad_match,False,True
CORDIS_101155338,CORDIS,2024,AI-enabled chemistry,183600.96,EUR,core_match,True,False
CORDIS_101156480,CORDIS,2024,AI-enabled chemistry,5967116.25,EUR,core_match,True,False
CORDIS_101157493,CORDIS,2024,AI-enabled chemistry,1869000.0,EUR,core_match,True,False
CORDIS_101157840,CORDIS,2024,AI-enabled chemistry,5264779.0,EUR,core_match,True,False
CORDIS_101157922,CORDIS,2024,AI-enabled chemistry,5033127.5,EUR,core_match,True,False
CORDIS_101161281,CORDIS,2024,AI-enabled chemistry,4323350.75,EUR,core_match,True,False
CORDIS_101162908,CORDIS,2024,AI-enabled chemistry,1499285.0,EUR,core_match,True,False
CORDIS_101165323,CORDIS,2024,AI-enabled chemistry,2328679.0,EUR,core_match,True,False
CORDIS_101168416,CORDIS,2024,AI-enabled chemistry,4105150.0,EUR,core_match,True,False
CORDIS_101168943,CORDIS,2024,AI-enabled chemistry,3603168.0,EUR,core_match,True,False
CORDIS_101177617,CORDIS,2024,AI-enabled chemistry,4886982.0,EUR,core_match,True,False
CORDIS_101178148,CORDIS,2024,AI-enabled chemistry,13924216.39,EUR,core_match,True,False
CORDIS_101180584,CORDIS,2024,AI-enabled chemistry,150438.72,EUR,core_match,True,False
CORDIS_101187508,CORDIS,2024,AI-enabled chemistry,2990207.5,EUR,core_match,True,False
CORDIS_101188864,CORDIS,2024,AI-enabled chemistry,2499525.0,EUR,core_match,True,False
CORDIS_101189908,CORDIS,2024,AI-enabled chemistry,4496450.64,EUR,core_match,True,False
CORDIS_101136570,CORDIS,2025,AI-enabled chemistry,15000000.0,EUR,core_match,True,False
CORDIS_101138031,CORDIS,2025,AI-enabled chemistry,7477609.93,EUR,core_match,True,False
CORDIS_101142136,CORDIS,2025,AI-enabled chemistry,3499299.0,EUR,core_match,True,False
CORDIS_101146245,CORDIS,2025,AI-enabled chemistry,353380.32,EUR,core_match,True,False
CORDIS_101148828,CORDIS,2025,AI-enabled chemistry,226751.04,EUR,core_match,True,False
CORDIS_101148843,CORDIS,2025,AI-enabled chemistry,230774.4,EUR,core_match,True,False
CORDIS_101153392,CORDIS,2025,AI-enabled chemistry,188590.08,EUR,core_match,True,False
CORDIS_101153432,CORDIS,2025,AI-enabled chemistry,199694.4,EUR,core_match,True,False
CORDIS_101153931,CORDIS,2025,AI-enabled chemistry,285140.64,EUR,core_match,True,False
CORDIS_101154320,CORDIS,2025,AI-enabled chemistry,215534.4,EUR,core_match,True,False
CORDIS_101161771,CORDIS,2025,AI-enabled chemistry,1500000.0,EUR,core_match,True,False
CORDIS_101161961,CORDIS,2025,AI-enabled chemistry,1499949.0,EUR,core_match,True,False
CORDIS_101163386,CORDIS,2025,AI-enabled chemistry,1500000.0,EUR,broad_match,False,True
CORDIS_101163419,CORDIS,2025,AI-enabled chemistry,1488854.0,EUR,core_match,True,False
CORDIS_101164936,CORDIS,2025,AI-enabled chemistry,1493750.0,EUR,core_match,True,False
CORDIS_101165883,CORDIS,2025,AI-enabled chemistry,1259375.0,EUR,core_match,True,False
CORDIS_101167416,CORDIS,2025,AI-enabled chemistry,10968734.0,EUR,core_match,True,False
CORDIS_101167540,CORDIS,2025,AI-enabled chemistry,13999999.0,EUR,core_match,True,False
CORDIS_101168616,CORDIS,2025,AI-enabled chemistry,3975775.2,EUR,core_match,True,False
CORDIS_101169761,CORDIS,2025,AI-enabled chemistry,2000000.0,EUR,core_match,True,False
CORDIS_101170147,CORDIS,2025,AI-enabled chemistry,1996375.0,EUR,core_match,True,False
CORDIS_101171289,CORDIS,2025,AI-enabled chemistry,1998106.0,EUR,broad_match,False,True
CORDIS_101184736,CORDIS,2025,AI-enabled chemistry,7820258.75,EUR,core_match,True,False
CORDIS_101186592,CORDIS,2025,AI-enabled chemistry,2499988.62,EUR,core_match,True,False
CORDIS_101186814,CORDIS,2025,AI-enabled chemistry,2999205.0,EUR,core_match,True,False
CORDIS_101187940,CORDIS,2025,AI-enabled chemistry,6999997.5,EUR,core_match,True,False
CORDIS_101192075,CORDIS,2025,AI-enabled chemistry,3995403.18,EUR,broad_match,False,True
CORDIS_101192485,CORDIS,2025,AI-enabled chemistry,3977952.94,EUR,core_match,True,False
CORDIS_101192848,CORDIS,2025,AI-enabled chemistry,19949437.4,EUR,core_match,True,False
CORDIS_101194322,CORDIS,2025,AI-enabled chemistry,4860568.18,EUR,core_match,True,False
CORDIS_101198636,CORDIS,2025,AI-enabled chemistry,2500000.0,EUR,core_match,True,False
CORDIS_101200916,CORDIS,2025,AI-enabled chemistry,3283437.0,EUR,core_match,True,False
CORDIS_101201061,CORDIS,2025,AI-enabled chemistry,2453946.0,EUR,core_match,True,False
CORDIS_101202143,CORDIS,2025,AI-enabled chemistry,150000.0,EUR,core_match,True,False
CORDIS_101202433,CORDIS,2025,AI-enabled chemistry,6184114.63,EUR,core_match,True,False
CORDIS_101202630,CORDIS,2025,AI-enabled chemistry,200400.0,EUR,core_match,True,False
CORDIS_101203123,CORDIS,2025,AI-enabled chemistry,276187.92,EUR,core_match,True,False
CORDIS_101203461,CORDIS,2025,AI-enabled chemistry,232916.16,EUR,core_match,True,False
CORDIS_101203869,CORDIS,2025,AI-enabled chemistry,236340.0,EUR,core_match,True,False
CORDIS_101203938,CORDIS,2025,AI-enabled chemistry,202125.12,EUR,core_match,True,False
CORDIS_101204508,CORDIS,2025,AI-enabled chemistry,198557.52,EUR,core_match,True,False
CORDIS_101204747,CORDIS,2025,AI-enabled chemistry,396991.08,EUR,core_match,True,False
CORDIS_101205162,CORDIS,2025,AI-enabled chemistry,209914.56,EUR,core_match,True,False
CORDIS_101206288,CORDIS,2025,AI-enabled chemistry,251578.56,EUR,core_match,True,False
CORDIS_101206634,CORDIS,2025,AI-enabled chemistry,322164.36,EUR,core_match,True,False
CORDIS_101207115,CORDIS,2025,AI-enabled chemistry,165205.2,EUR,core_match,True,False
CORDIS_101210387,CORDIS,2025,AI-enabled chemistry,272799.92,EUR,core_match,True,False
CORDIS_101210559,CORDIS,2025,AI-enabled chemistry,216240.0,EUR,core_match,True,False
CORDIS_101211977,CORDIS,2025,AI-enabled chemistry,200400.0,EUR,broad_match,False,True
CORDIS_101212905,CORDIS,2025,AI-enabled chemistry,150000.0,EUR,core_match,True,False
CORDIS_101213167,CORDIS,2025,AI-enabled chemistry,150000.0,EUR,core_match,True,False
CORDIS_101213277,CORDIS,2025,AI-enabled chemistry,150000.0,EUR,core_match,True,False
CORDIS_101213390,CORDIS,2025,AI-enabled chemistry,150000.0,EUR,core_match,True,False
CORDIS_101213674,CORDIS,2025,AI-enabled chemistry,150000.0,EUR,core_match,True,False
CORDIS_101213895,CORDIS,2025,AI-enabled chemistry,150000.0,EUR,core_match,True,False
CORDIS_101217538,CORDIS,2025,AI-enabled chemistry,2499616.0,EUR,core_match,True,False
CORDIS_101218381,CORDIS,2025,AI-enabled chemistry,2499455.0,EUR,core_match,True,False
CORDIS_101219789,CORDIS,2025,AI-enabled chemistry,1486906.0,EUR,core_match,True,False
CORDIS_101226058,CORDIS,2025,AI-enabled chemistry,2419621.56,EUR,core_match,True,False
CORDIS_101227458,CORDIS,2025,AI-enabled chemistry,3464356.68,EUR,core_match,True,False
CORDIS_101227725,CORDIS,2025,AI-enabled chemistry,4251589.2,EUR,core_match,True,False
CORDIS_101236007,CORDIS,2025,AI-enabled chemistry,936870.0,EUR,core_match,True,False
CORDIS_101246252,CORDIS,2025,AI-enabled chemistry,150000.0,EUR,core_match,True,False
CORDIS_101247309,CORDIS,2025,AI-enabled chemistry,150000.0,EUR,core_match,True,False
CORDIS_101247375,CORDIS,2025,AI-enabled chemistry,2498753.0,EUR,broad_match,False,True
CORDIS_101247959,CORDIS,2025,AI-enabled chemistry,2468494.24,EUR,core_match,True,False
CORDIS_101248376,CORDIS,2025,AI-enabled chemistry,1962055.64,EUR,core_match,True,False
CORDIS_101252959,CORDIS,2025,AI-enabled chemistry,29897910.0,EUR,core_match,True,False
NSF_1946970,NSF,2021,AI-enabled chemistry,39723284.0,USD,core_match,True,False
NSF_1954773,NSF,2021,AI-enabled chemistry,747273.0,USD,core_match,True,False
NSF_2005749,NSF,2021,AI-enabled chemistry,670000.0,USD,core_match,True,False
NSF_2013062,NSF,2021,AI-enabled chemistry,749997.0,USD,core_match,True,False
NSF_2019444,NSF,2021,AI-enabled chemistry,25000000.0,USD,core_match,True,False
NSF_2019625,NSF,2021,AI-enabled chemistry,25000000.0,USD,core_match,True,False
NSF_2029266,NSF,2021,AI-enabled chemistry,599559.0,USD,core_match,True,False
NSF_2030873,NSF,2021,AI-enabled chemistry,999995.0,USD,broad_match,False,True
NSF_2031584,NSF,2021,AI-enabled chemistry,749999.0,USD,core_match,True,False
NSF_2032261,NSF,2021,AI-enabled chemistry,224996.0,USD,broad_match,False,True
NSF_2035894,NSF,2021,AI-enabled chemistry,255400.0,USD,core_match,True,False
NSF_2036347,NSF,2021,AI-enabled chemistry,255682.0,USD,core_match,True,False
NSF_2036944,NSF,2021,AI-enabled chemistry,500000.0,USD,broad_match,False,True
NSF_2037328,NSF,2021,AI-enabled chemistry,748668.0,USD,broad_match,False,True
NSF_2037545,NSF,2021,AI-enabled chemistry,460000.0,USD,core_match,True,False
NSF_2038118,NSF,2021,AI-enabled chemistry,1320195.0,USD,core_match,True,False
NSF_2038484,NSF,2021,AI-enabled chemistry,397120.0,USD,core_match,True,False
NSF_2039234,NSF,2021,AI-enabled chemistry,603364.0,USD,core_match,True,False
NSF_2039276,NSF,2021,AI-enabled chemistry,46647.0,USD,core_match,True,False
NSF_2039351,NSF,2021,AI-enabled chemistry,20100000.0,USD,core_match,True,False
NSF_2039380,NSF,2021,AI-enabled chemistry,22500000.0,USD,core_match,True,False
NSF_2041345,NSF,2021,AI-enabled chemistry,299574.0,USD,core_match,True,False
NSF_2041872,NSF,2021,AI-enabled chemistry,532892.0,USD,core_match,True,False
NSF_2042498,NSF,2021,AI-enabled chemistry,516654.0,USD,broad_match,False,True
NSF_2042543,NSF,2021,AI-enabled chemistry,240006.0,USD,core_match,True,False
NSF_2042544,NSF,2021,AI-enabled chemistry,295905.0,USD,core_match,True,False
NSF_2042918,NSF,2021,AI-enabled chemistry,400000.0,USD,broad_match,False,True
NSF_2043205,NSF,2021,AI-enabled chemistry,560702.0,USD,core_match,True,False
NSF_2044165,NSF,2021,AI-enabled chemistry,650000.0,USD,core_match,True,False
NSF_2044403,NSF,2021,AI-enabled chemistry,520936.0,USD,core_match,True,False
NSF_2044997,NSF,2021,AI-enabled chemistry,581212.0,USD,core_match,True,False
NSF_2045204,NSF,2021,AI-enabled chemistry,650000.0,USD,core_match,True,False
NSF_2045550,NSF,2021,AI-enabled chemistry,500000.0,USD,core_match,True,False
NSF_2045887,NSF,2021,AI-enabled chemistry,590211.0,USD,core_match,True,False
NSF_2045993,NSF,2021,AI-enabled chemistry,651110.0,USD,core_match,True,False
NSF_2046218,NSF,2021,AI-enabled chemistry,500723.0,USD,core_match,True,False
NSF_2046476,NSF,2021,AI-enabled chemistry,539434.0,USD,core_match,True,False
NSF_2046570,NSF,2021,AI-enabled chemistry,547299.0,USD,broad_match,False,True
NSF_2046733,NSF,2021,AI-enabled chemistry,627832.0,USD,core_match,True,False
NSF_2046751,NSF,2021,AI-enabled chemistry,592928.0,USD,core_match,True,False
NSF_2047109,NSF,2021,AI-enabled chemistry,512108.0,USD,broad_match,False,True
NSF_2047683,NSF,2021,AI-enabled chemistry,669748.0,USD,core_match,True,False
NSF_2048283,NSF,2021,AI-enabled chemistry,549509.0,USD,core_match,True,False
NSF_2050412,NSF,2021,AI-enabled chemistry,364258.0,USD,core_match,True,False
NSF_2050842,NSF,2021,AI-enabled chemistry,405000.0,USD,core_match,True,False
NSF_2050916,NSF,2021,AI-enabled chemistry,404776.0,USD,core_match,True,False
NSF_2051065,NSF,2021,AI-enabled chemistry,417110.0,USD,core_match,True,False
NSF_2051498,NSF,2021,AI-enabled chemistry,270000.0,USD,core_match,True,False
NSF_2051997,NSF,2021,AI-enabled chemistry,20000.0,USD,core_match,True,False
NSF_2052658,NSF,2021,AI-enabled chemistry,700000.0,USD,core_match,True,False
NSF_2052706,NSF,2021,AI-enabled chemistry,20000.0,USD,core_match,True,False
NSF_2052714,NSF,2021,AI-enabled chemistry,850000.0,USD,broad_match,False,True
NSF_2052739,NSF,2021,AI-enabled chemistry,20000.0,USD,core_match,True,False
NSF_2052827,NSF,2021,AI-enabled chemistry,625000.0,USD,core_match,True,False
NSF_2053195,NSF,2021,AI-enabled chemistry,360000.0,USD,core_match,True,False
NSF_2053826,NSF,2021,AI-enabled chemistry,520538.0,USD,core_match,True,False
NSF_2055668,NSF,2021,AI-enabled chemistry,382932.0,USD,core_match,True,False
NSF_2055669,NSF,2021,AI-enabled chemistry,197068.0,USD,core_match,True,False
NSF_2100971,NSF,2021,AI-enabled chemistry,150000.0,USD,core_match,True,False
NSF_2101044,NSF,2021,AI-enabled chemistry,359379.0,USD,core_match,True,False
NSF_2101829,NSF,2021,AI-enabled chemistry,329815.0,USD,core_match,True,False
NSF_2102038,NSF,2021,AI-enabled chemistry,450000.0,USD,core_match,True,False
NSF_2102044,NSF,2021,AI-enabled chemistry,306214.0,USD,core_match,True,False
NSF_2102143,NSF,2021,AI-enabled chemistry,361878.0,USD,core_match,True,False
NSF_2102313,NSF,2021,AI-enabled chemistry,450000.0,USD,core_match,True,False
NSF_2102314,NSF,2021,AI-enabled chemistry,315000.0,USD,core_match,True,False
NSF_2102317,NSF,2021,AI-enabled chemistry,450000.0,USD,core_match,True,False
NSF_2102430,NSF,2021,AI-enabled chemistry,231999.0,USD,core_match,True,False
NSF_2102460,NSF,2021,AI-enabled chemistry,550000.0,USD,core_match,True,False
NSF_2102474,NSF,2021,AI-enabled chemistry,450000.0,USD,core_match,True,False
NSF_2102525,NSF,2021,AI-enabled chemistry,298001.0,USD,core_match,True,False
NSF_2102550,NSF,2021,AI-enabled chemistry,600000.0,USD,core_match,True,False
NSF_2102581,NSF,2021,AI-enabled chemistry,440000.0,USD,core_match,True,False
NSF_2102583,NSF,2021,AI-enabled chemistry,450000.0,USD,core_match,True,False
NSF_2102592,NSF,2021,AI-enabled chemistry,426990.0,USD,core_match,True,False
NSF_2102639,NSF,2021,AI-enabled chemistry,450000.0,USD,core_match,True,False
NSF_2102647,NSF,2021,AI-enabled chemistry,500000.0,USD,core_match,True,False
NSF_2102677,NSF,2021,AI-enabled chemistry,480000.0,USD,core_match,True,False
NSF_2103613,NSF,2021,AI-enabled chemistry,328435.0,USD,core_match,True,False
NSF_2103647,NSF,2021,AI-enabled chemistry,391499.0,USD,core_match,True,False
NSF_2103945,NSF,2021,AI-enabled chemistry,1067480.0,USD,core_match,True,False
NSF_2105005,NSF,2021,AI-enabled chemistry,252772.0,USD,core_match,True,False
NSF_2105032,NSF,2021,AI-enabled chemistry,150001.0,USD,core_match,True,False
NSF_2105193,NSF,2021,AI-enabled chemistry,579303.0,USD,core_match,True,False
NSF_2105744,NSF,2021,AI-enabled chemistry,381000.0,USD,core_match,True,False
NSF_2106225,NSF,2021,AI-enabled chemistry,379543.0,USD,core_match,True,False
NSF_2106587,NSF,2021,AI-enabled chemistry,482153.0,USD,core_match,True,False
NSF_2106938,NSF,2021,AI-enabled chemistry,400000.0,USD,core_match,True,False
NSF_2107104,NSF,2021,AI-enabled chemistry,339179.0,USD,broad_match,False,True
NSF_2107567,NSF,2021,AI-enabled chemistry,249052.0,USD,core_match,True,False
NSF_2107619,NSF,2021,AI-enabled chemistry,361996.0,USD,broad_match,False,True
NSF_2107636,NSF,2021,AI-enabled chemistry,421080.0,USD,core_match,True,False
NSF_2107856,NSF,2021,AI-enabled chemistry,255783.0,USD,core_match,True,False
NSF_2108505,NSF,2021,AI-enabled chemistry,500000.0,USD,core_match,True,False
NSF_2108628,NSF,2021,AI-enabled chemistry,225549.0,USD,core_match,True,False
NSF_2108767,NSF,2021,AI-enabled chemistry,325792.0,USD,core_match,True,False
NSF_2110797,NSF,2021,AI-enabled chemistry,170068.0,USD,broad_match,False,True
NSF_2111277,NSF,2021,AI-enabled chemistry,149999.0,USD,core_match,True,False
NSF_2111278,NSF,2021,AI-enabled chemistry,149687.0,USD,core_match,True,False
NSF_2111661,NSF,2021,AI-enabled chemistry,5000000.0,USD,core_match,True,False
NSF_2112356,NSF,2021,AI-enabled chemistry,5000000.0,USD,core_match,True,False
NSF_2112894,NSF,2021,AI-enabled chemistry,301741.0,USD,broad_match,False,True
NSF_2113389,NSF,2021,AI-enabled chemistry,500000.0,USD,broad_match,False,True
NSF_2114028,NSF,2021,AI-enabled chemistry,349810.0,USD,core_match,True,False
NSF_2114595,NSF,2021,AI-enabled chemistry,516594.0,USD,core_match,True,False
NSF_2114991,NSF,2021,AI-enabled chemistry,154754.0,USD,broad_match,False,True
NSF_2115004,NSF,2021,AI-enabled chemistry,44999.0,USD,broad_match,False,True
NSF_2115008,NSF,2021,AI-enabled chemistry,97822.0,USD,broad_match,False,True
NSF_2116298,NSF,2021,AI-enabled chemistry,20000000.0,USD,core_match,True,False
NSF_2116886,NSF,2021,AI-enabled chemistry,50000.0,USD,core_match,True,False
NSF_2117233,NSF,2021,AI-enabled chemistry,149919.0,USD,core_match,True,False
NSF_2117308,NSF,2021,AI-enabled chemistry,289737.0,USD,core_match,True,False
NSF_2117345,NSF,2021,AI-enabled chemistry,725016.0,USD,core_match,True,False
NSF_2117377,NSF,2021,AI-enabled chemistry,500000.0,USD,core_match,True,False
NSF_2117429,NSF,2021,AI-enabled chemistry,559288.0,USD,core_match,True,False
NSF_2117449,NSF,2021,AI-enabled chemistry,687060.0,USD,core_match,True,False
NSF_2117530,NSF,2021,AI-enabled chemistry,1712082.0,USD,core_match,True,False
NSF_2117616,NSF,2021,AI-enabled chemistry,766944.0,USD,core_match,True,False
NSF_2117681,NSF,2021,AI-enabled chemistry,1187606.0,USD,core_match,True,False
NSF_2118061,NSF,2021,AI-enabled chemistry,600000.0,USD,core_match,True,False
NSF_2118099,NSF,2021,AI-enabled chemistry,400000.0,USD,core_match,True,False
NSF_2118155,NSF,2021,AI-enabled chemistry,105000.0,USD,core_match,True,False
NSF_2118174,NSF,2021,AI-enabled chemistry,104845.0,USD,core_match,True,False
NSF_2118180,NSF,2021,AI-enabled chemistry,104997.0,USD,core_match,True,False
NSF_2118201,NSF,2021,AI-enabled chemistry,15540749.0,USD,core_match,True,False
NSF_2118204,NSF,2021,AI-enabled chemistry,580074.0,USD,core_match,True,False
NSF_2118217,NSF,2021,AI-enabled chemistry,105000.0,USD,core_match,True,False
NSF_2118415,NSF,2021,AI-enabled chemistry,600000.0,USD,core_match,True,False
NSF_2118448,NSF,2021,AI-enabled chemistry,560000.0,USD,core_match,True,False
NSF_2118523,NSF,2021,AI-enabled chemistry,1040000.0,USD,core_match,True,False
NSF_2118578,NSF,2021,AI-enabled chemistry,1799460.0,USD,core_match,True,False
NSF_2118592,NSF,2021,AI-enabled chemistry,1769806.0,USD,core_match,True,False
NSF_2118638,NSF,2021,AI-enabled chemistry,567653.0,USD,core_match,True,False
NSF_2118678,NSF,2021,AI-enabled chemistry,1200000.0,USD,core_match,True,False
NSF_2118693,NSF,2021,AI-enabled chemistry,568044.0,USD,core_match,True,False
NSF_2118788,NSF,2021,AI-enabled chemistry,649767.0,USD,core_match,True,False
NSF_2118860,NSF,2021,AI-enabled chemistry,1315946.0,USD,core_match,True,False
NSF_2118861,NSF,2021,AI-enabled chemistry,484054.0,USD,core_match,True,False
NSF_2118878,NSF,2021,AI-enabled chemistry,431886.0,USD,core_match,True,False
NSF_2119019,NSF,2021,AI-enabled chemistry,469354.0,USD,core_match,True,False
NSF_2119033,NSF,2021,AI-enabled chemistry,400000.0,USD,core_match,True,False
NSF_2119065,NSF,2021,AI-enabled chemistry,485439.0,USD,core_match,True,False
NSF_2119105,NSF,2021,AI-enabled chemistry,464733.0,USD,core_match,True,False
NSF_2119172,NSF,2021,AI-enabled chemistry,1799420.0,USD,core_match,True,False
NSF_2119276,NSF,2021,AI-enabled chemistry,432573.0,USD,core_match,True,False
NSF_2119308,NSF,2021,AI-enabled chemistry,1314494.0,USD,core_match,True,False
NSF_2119433,NSF,2021,AI-enabled chemistry,1382303.0,USD,core_match,True,False
NSF_2119575,NSF,2021,AI-enabled chemistry,1655906.0,USD,core_match,True,False
NSF_2119672,NSF,2021,AI-enabled chemistry,831521.0,USD,core_match,True,False
NSF_2119673,NSF,2021,AI-enabled chemistry,968428.0,USD,core_match,True,False
NSF_2119688,NSF,2021,AI-enabled chemistry,6000000.0,USD,core_match,True,False
NSF_2119809,NSF,2021,AI-enabled chemistry,3974309.0,USD,core_match,True,False
NSF_2121063,NSF,2021,AI-enabled chemistry,364812.0,USD,core_match,True,False
NSF_2122108,NSF,2021,AI-enabled chemistry,3799000.0,USD,core_match,True,False
NSF_2122158,NSF,2021,AI-enabled chemistry,799058.0,USD,core_match,True,False
NSF_2122296,NSF,2021,AI-enabled chemistry,37299.0,USD,core_match,True,False
NSF_2122357,NSF,2021,AI-enabled chemistry,1800000.0,USD,core_match,True,False
NSF_2124604,NSF,2021,AI-enabled chemistry,437330.0,USD,core_match,True,False
NSF_2124999,NSF,2021,AI-enabled chemistry,301492.0,USD,core_match,True,False
NSF_2125088,NSF,2021,AI-enabled chemistry,3000000.0,USD,core_match,True,False
NSF_2125274,NSF,2021,AI-enabled chemistry,255906.0,USD,broad_match,False,True
NSF_2125684,NSF,2021,AI-enabled chemistry,1999736.0,USD,core_match,True,False
NSF_2125703,NSF,2021,AI-enabled chemistry,2999011.0,USD,broad_match,False,True
NSF_2125826,NSF,2021,AI-enabled chemistry,300000.0,USD,core_match,True,False
NSF_2126156,NSF,2021,AI-enabled chemistry,256000.0,USD,core_match,True,False
NSF_2127159,NSF,2021,AI-enabled chemistry,256000.0,USD,core_match,True,False
NSF_2127823,NSF,2021,AI-enabled chemistry,75141.0,USD,core_match,True,False
NSF_2131619,NSF,2021,AI-enabled chemistry,345059.0,USD,core_match,True,False
NSF_2131940,NSF,2021,AI-enabled chemistry,14000001.0,USD,core_match,True,False
NSF_2131946,NSF,2021,AI-enabled chemistry,500000.0,USD,core_match,True,False
NSF_2132142,NSF,2021,AI-enabled chemistry,1999703.0,USD,core_match,True,False
NSF_2132419,NSF,2021,AI-enabled chemistry,50000.0,USD,broad_match,False,True
NSF_2132475,NSF,2021,AI-enabled chemistry,104250.0,USD,core_match,True,False
NSF_2132672,NSF,2021,AI-enabled chemistry,50000.0,USD,core_match,True,False
NSF_2133084,NSF,2021,AI-enabled chemistry,1499996.0,USD,core_match,True,False
NSF_2133512,NSF,2021,AI-enabled chemistry,308000.0,USD,core_match,True,False
NSF_2133530,NSF,2021,AI-enabled chemistry,571658.0,USD,core_match,True,False
NSF_2133549,NSF,2021,AI-enabled chemistry,848799.0,USD,core_match,True,False
NSF_2133650,NSF,2021,AI-enabled chemistry,499995.0,USD,core_match,True,False
NSF_2134216,NSF,2021,AI-enabled chemistry,1150000.0,USD,core_match,True,False
NSF_2134715,NSF,2021,AI-enabled chemistry,2700000.0,USD,core_match,True,False
NSF_2134764,NSF,2021,AI-enabled chemistry,2700000.0,USD,core_match,True,False
NSF_2134795,NSF,2021,AI-enabled chemistry,5000000.0,USD,core_match,True,False
NSF_2134821,NSF,2021,AI-enabled chemistry,95340.0,USD,core_match,True,False
NSF_2134875,NSF,2021,AI-enabled chemistry,44424.0,USD,core_match,True,False
NSF_2134897,NSF,2021,AI-enabled chemistry,480000.0,USD,core_match,True,False
NSF_2135059,NSF,2021,AI-enabled chemistry,924660.0,USD,core_match,True,False
NSF_2135914,NSF,2021,AI-enabled chemistry,52707.0,USD,core_match,True,False
NSF_2136142,NSF,2021,AI-enabled chemistry,15000000.0,USD,core_match,True,False
NSF_2136307,NSF,2021,AI-enabled chemistry,255487.0,USD,core_match,True,False
NSF_2137080,NSF,2021,AI-enabled chemistry,50000.0,USD,core_match,True,False
NSF_2137197,NSF,2021,AI-enabled chemistry,50000.0,USD,core_match,True,False
NSF_2137575,NSF,2021,AI-enabled chemistry,248613.0,USD,core_match,True,False
NSF_2138150,NSF,2021,AI-enabled chemistry,50000.0,USD,broad_match,False,True
NSF_2138811,NSF,2021,AI-enabled chemistry,5609259.0,USD,broad_match,False,True
NSF_2140762,NSF,2021,AI-enabled chemistry,299999.0,USD,core_match,True,False
NSF_2141384,NSF,2021,AI-enabled chemistry,299995.0,USD,core_match,True,False
NSF_2141385,NSF,2021,AI-enabled chemistry,300000.0,USD,core_match,True,False
NSF_2141961,NSF,2021,AI-enabled chemistry,44205.0,USD,core_match,True,False
NSF_2150816,NSF,2021,AI-enabled chemistry,152050.0,USD,core_match,True,False
NSF_2200907,NSF,2021,AI-enabled chemistry,105000.0,USD,core_match,True,False
NSF_2034074,NSF,2022,AI-enabled chemistry,576943.0,USD,core_match,True,False
NSF_2112345,NSF,2022,AI-enabled chemistry,255916.0,USD,core_match,True,False
NSF_2112554,NSF,2022,AI-enabled chemistry,5000000.0,USD,core_match,True,False
NSF_2113030,NSF,2022,AI-enabled chemistry,409152.0,USD,core_match,True,False
NSF_2114640,NSF,2022,AI-enabled chemistry,321000.0,USD,core_match,True,False
NSF_2118399,NSF,2022,AI-enabled chemistry,876311.0,USD,core_match,True,False
NSF_2118557,NSF,2022,AI-enabled chemistry,432903.0,USD,core_match,True,False
NSF_2118673,NSF,2022,AI-enabled chemistry,484805.0,USD,core_match,True,False
NSF_2118890,NSF,2022,AI-enabled chemistry,1713569.0,USD,broad_match,False,True
NSF_2121160,NSF,2022,AI-enabled chemistry,473784.0,USD,core_match,True,False
NSF_2132224,NSF,2022,AI-enabled chemistry,263915.0,USD,core_match,True,False
NSF_2132336,NSF,2022,AI-enabled chemistry,333267.0,USD,core_match,True,False
NSF_2132383,NSF,2022,AI-enabled chemistry,214668.0,USD,core_match,True,False
NSF_2132622,NSF,2022,AI-enabled chemistry,257763.0,USD,core_match,True,False
NSF_2132807,NSF,2022,AI-enabled chemistry,342853.0,USD,core_match,True,False
NSF_2133630,NSF,2022,AI-enabled chemistry,25938414.0,USD,core_match,True,False
NSF_2134168,NSF,2022,AI-enabled chemistry,749833.0,USD,core_match,True,False
NSF_2134447,NSF,2022,AI-enabled chemistry,500000.0,USD,core_match,True,False
NSF_2134617,NSF,2022,AI-enabled chemistry,582172.0,USD,core_match,True,False
NSF_2134643,NSF,2022,AI-enabled chemistry,500000.0,USD,core_match,True,False
NSF_2134664,NSF,2022,AI-enabled chemistry,2998710.0,USD,core_match,True,False
NSF_2134781,NSF,2022,AI-enabled chemistry,256000.0,USD,core_match,True,False
NSF_2135203,NSF,2022,AI-enabled chemistry,482831.0,USD,core_match,True,False
NSF_2135584,NSF,2022,AI-enabled chemistry,525070.0,USD,core_match,True,False
NSF_2135832,NSF,2022,AI-enabled chemistry,999956.0,USD,core_match,True,False
NSF_2136038,NSF,2022,AI-enabled chemistry,395000.0,USD,core_match,True,False
NSF_2138113,NSF,2022,AI-enabled chemistry,300000.0,USD,core_match,True,False
NSF_2138286,NSF,2022,AI-enabled chemistry,9995665.0,USD,core_match,True,False
NSF_2138431,NSF,2022,AI-enabled chemistry,200000.0,USD,broad_match,False,True
NSF_2138523,NSF,2022,AI-enabled chemistry,199972.0,USD,core_match,True,False
NSF_2138740,NSF,2022,AI-enabled chemistry,193274.0,USD,core_match,True,False
NSF_2138938,NSF,2022,AI-enabled chemistry,199777.0,USD,core_match,True,False
NSF_2141058,NSF,2022,AI-enabled chemistry,250000.0,USD,core_match,True,False
NSF_2141083,NSF,2022,AI-enabled chemistry,250000.0,USD,core_match,True,False
NSF_2141535,NSF,2022,AI-enabled chemistry,300000.0,USD,core_match,True,False
NSF_2142935,NSF,2022,AI-enabled chemistry,508638.0,USD,core_match,True,False
NSF_2143043,NSF,2022,AI-enabled chemistry,380000.0,USD,core_match,True,False
NSF_2143177,NSF,2022,AI-enabled chemistry,890180.0,USD,core_match,True,False
NSF_2143246,NSF,2022,AI-enabled chemistry,649475.0,USD,broad_match,False,True
NSF_2143346,NSF,2022,AI-enabled chemistry,510796.0,USD,core_match,True,False
NSF_2143354,NSF,2022,AI-enabled chemistry,649995.0,USD,core_match,True,False
NSF_2143610,NSF,2022,AI-enabled chemistry,682571.0,USD,core_match,True,False
NSF_2143754,NSF,2022,AI-enabled chemistry,577242.0,USD,core_match,True,False
NSF_2143787,NSF,2022,AI-enabled chemistry,815404.0,USD,core_match,True,False
NSF_2143864,NSF,2022,AI-enabled chemistry,551517.0,USD,core_match,True,False
NSF_2143952,NSF,2022,AI-enabled chemistry,599999.0,USD,core_match,True,False
NSF_2144023,NSF,2022,AI-enabled chemistry,614435.0,USD,broad_match,False,True
NSF_2144031,NSF,2022,AI-enabled chemistry,465340.0,USD,core_match,True,False
NSF_2144094,NSF,2022,AI-enabled chemistry,580356.0,USD,core_match,True,False
NSF_2144153,NSF,2022,AI-enabled chemistry,650000.0,USD,core_match,True,False
NSF_2144290,NSF,2022,AI-enabled chemistry,549699.0,USD,core_match,True,False
NSF_2144556,NSF,2022,AI-enabled chemistry,656008.0,USD,core_match,True,False
NSF_2144792,NSF,2022,AI-enabled chemistry,570108.0,USD,core_match,True,False
NSF_2145091,NSF,2022,AI-enabled chemistry,642450.0,USD,core_match,True,False
NSF_2145137,NSF,2022,AI-enabled chemistry,516621.0,USD,core_match,True,False
NSF_2145144,NSF,2022,AI-enabled chemistry,674985.0,USD,broad_match,False,True
NSF_2145392,NSF,2022,AI-enabled chemistry,595245.0,USD,core_match,True,False
NSF_2145604,NSF,2022,AI-enabled chemistry,599293.0,USD,broad_match,False,True
NSF_2145629,NSF,2022,AI-enabled chemistry,650000.0,USD,core_match,True,False
NSF_2145657,NSF,2022,AI-enabled chemistry,625000.0,USD,core_match,True,False
NSF_2147954,NSF,2022,AI-enabled chemistry,333546.0,USD,core_match,True,False
NSF_2147967,NSF,2022,AI-enabled chemistry,277473.0,USD,core_match,True,False
NSF_2148897,NSF,2022,AI-enabled chemistry,384789.0,USD,core_match,True,False
NSF_2149235,NSF,2022,AI-enabled chemistry,465181.0,USD,core_match,True,False
NSF_2150489,NSF,2022,AI-enabled chemistry,421536.0,USD,core_match,True,False
NSF_2151497,NSF,2022,AI-enabled chemistry,96171.0,USD,broad_match,False,True
NSF_2152205,NSF,2022,AI-enabled chemistry,3000000.0,USD,core_match,True,False
NSF_2152210,NSF,2022,AI-enabled chemistry,2000000.0,USD,core_match,True,False
NSF_2152221,NSF,2022,AI-enabled chemistry,2998446.0,USD,core_match,True,False
NSF_2152521,NSF,2022,AI-enabled chemistry,387874.0,USD,core_match,True,False
NSF_2152767,NSF,2022,AI-enabled chemistry,364346.0,USD,core_match,True,False
NSF_2152853,NSF,2022,AI-enabled chemistry,549351.0,USD,core_match,True,False
NSF_2153032,NSF,2022,AI-enabled chemistry,316270.0,USD,core_match,True,False
NSF_2153091,NSF,2022,AI-enabled chemistry,357473.0,USD,core_match,True,False
NSF_2153215,NSF,2022,AI-enabled chemistry,331048.0,USD,core_match,True,False
NSF_2153657,NSF,2022,AI-enabled chemistry,525000.0,USD,core_match,True,False
NSF_2153998,NSF,2022,AI-enabled chemistry,181513.0,USD,core_match,True,False
NSF_2154126,NSF,2022,AI-enabled chemistry,510000.0,USD,core_match,True,False
NSF_2154237,NSF,2022,AI-enabled chemistry,600000.0,USD,core_match,True,False
NSF_2154291,NSF,2022,AI-enabled chemistry,510000.0,USD,core_match,True,False
NSF_2154367,NSF,2022,AI-enabled chemistry,510000.0,USD,core_match,True,False
NSF_2154371,NSF,2022,AI-enabled chemistry,510000.0,USD,core_match,True,False
NSF_2154428,NSF,2022,AI-enabled chemistry,360835.0,USD,core_match,True,False
NSF_2154446,NSF,2022,AI-enabled chemistry,294555.0,USD,core_match,True,False
NSF_2154447,NSF,2022,AI-enabled chemistry,199252.0,USD,core_match,True,False
NSF_2154502,NSF,2022,AI-enabled chemistry,505681.0,USD,core_match,True,False
NSF_2154747,NSF,2022,AI-enabled chemistry,429412.0,USD,core_match,True,False
NSF_2154760,NSF,2022,AI-enabled chemistry,464139.0,USD,core_match,True,False
NSF_2154781,NSF,2022,AI-enabled chemistry,380340.0,USD,broad_match,False,True
NSF_2154804,NSF,2022,AI-enabled chemistry,500000.0,USD,core_match,True,False
NSF_2154916,NSF,2022,AI-enabled chemistry,450000.0,USD,core_match,True,False
NSF_2154924,NSF,2022,AI-enabled chemistry,510000.0,USD,core_match,True,False
NSF_2154952,NSF,2022,AI-enabled chemistry,428540.0,USD,core_match,True,False
NSF_2154996,NSF,2022,AI-enabled chemistry,287009.0,USD,core_match,True,False
NSF_2154999,NSF,2022,AI-enabled chemistry,500000.0,USD,core_match,True,False
NSF_2155082,NSF,2022,AI-enabled chemistry,499999.0,USD,core_match,True,False
NSF_2155095,NSF,2022,AI-enabled chemistry,338355.0,USD,core_match,True,False
NSF_2155215,NSF,2022,AI-enabled chemistry,500000.0,USD,core_match,True,False
NSF_2200456,NSF,2022,AI-enabled chemistry,650787.0,USD,core_match,True,False
NSF_2200757,NSF,2022,AI-enabled chemistry,2046509.0,USD,core_match,True,False
NSF_2201297,NSF,2022,AI-enabled chemistry,270480.0,USD,core_match,True,False
NSF_2201497,NSF,2022,AI-enabled chemistry,399868.0,USD,core_match,True,False
NSF_2202124,NSF,2022,AI-enabled chemistry,375000.0,USD,core_match,True,False
NSF_2202268,NSF,2022,AI-enabled chemistry,465795.0,USD,core_match,True,False
NSF_2202469,NSF,2022,AI-enabled chemistry,300000.0,USD,broad_match,False,True
NSF_2202693,NSF,2022,AI-enabled chemistry,20000000.0,USD,core_match,True,False
NSF_2203354,NSF,2022,AI-enabled chemistry,600003.0,USD,core_match,True,False
NSF_2203518,NSF,2022,AI-enabled chemistry,450000.0,USD,core_match,True,False
NSF_2203616,NSF,2022,AI-enabled chemistry,410112.0,USD,core_match,True,False
NSF_2203628,NSF,2022,AI-enabled chemistry,168791.0,USD,core_match,True,False
NSF_2203830,NSF,2022,AI-enabled chemistry,470150.0,USD,core_match,True,False
NSF_2203841,NSF,2022,AI-enabled chemistry,420000.0,USD,core_match,True,False
NSF_2203857,NSF,2022,AI-enabled chemistry,424999.0,USD,core_match,True,False
NSF_2203904,NSF,2022,AI-enabled chemistry,449978.0,USD,core_match,True,False
NSF_2204094,NSF,2022,AI-enabled chemistry,495000.0,USD,core_match,True,False
NSF_2204223,NSF,2022,AI-enabled chemistry,445000.0,USD,core_match,True,False
NSF_2205126,NSF,2022,AI-enabled chemistry,439831.0,USD,core_match,True,False
NSF_2205521,NSF,2022,AI-enabled chemistry,450000.0,USD,core_match,True,False
NSF_2205537,NSF,2022,AI-enabled chemistry,399827.0,USD,core_match,True,False
NSF_2205572,NSF,2022,AI-enabled chemistry,550000.0,USD,core_match,True,False
NSF_2206332,NSF,2022,AI-enabled chemistry,125701.0,USD,core_match,True,False
NSF_2206333,NSF,2022,AI-enabled chemistry,125902.0,USD,core_match,True,False
NSF_2207048,NSF,2022,AI-enabled chemistry,150000.0,USD,broad_match,False,True
NSF_2207383,NSF,2022,AI-enabled chemistry,299126.0,USD,core_match,True,False
NSF_2207449,NSF,2022,AI-enabled chemistry,348805.0,USD,core_match,True,False
NSF_2208130,NSF,2022,AI-enabled chemistry,448424.0,USD,core_match,True,False
NSF_2208272,NSF,2022,AI-enabled chemistry,280000.0,USD,core_match,True,False
NSF_2208356,NSF,2022,AI-enabled chemistry,280000.0,USD,core_match,True,False
NSF_2208361,NSF,2022,AI-enabled chemistry,240000.0,USD,core_match,True,False
NSF_2208504,NSF,2022,AI-enabled chemistry,449995.0,USD,core_match,True,False
NSF_2209262,NSF,2022,AI-enabled chemistry,600000.0,USD,core_match,True,False
NSF_2209546,NSF,2022,AI-enabled chemistry,750000.0,USD,core_match,True,False
NSF_2209717,NSF,2022,AI-enabled chemistry,2264054.0,USD,core_match,True,False
NSF_2209718,NSF,2022,AI-enabled chemistry,1500000.0,USD,core_match,True,False
NSF_2209892,NSF,2022,AI-enabled chemistry,3496454.0,USD,core_match,True,False
NSF_2209946,NSF,2022,AI-enabled chemistry,570787.0,USD,core_match,True,False
NSF_2210849,NSF,2022,AI-enabled chemistry,200000.0,USD,core_match,True,False
NSF_2210963,NSF,2022,AI-enabled chemistry,1200000.0,USD,core_match,True,False
NSF_2211660,NSF,2022,AI-enabled chemistry,361794.0,USD,core_match,True,False
NSF_2211696,NSF,2022,AI-enabled chemistry,117348.0,USD,core_match,True,False
NSF_2212232,NSF,2022,AI-enabled chemistry,900000.0,USD,core_match,True,False
NSF_2212325,NSF,2022,AI-enabled chemistry,330658.0,USD,core_match,True,False
NSF_2212326,NSF,2022,AI-enabled chemistry,471955.0,USD,core_match,True,False
NSF_2212327,NSF,2022,AI-enabled chemistry,397238.0,USD,core_match,True,False
NSF_2212370,NSF,2022,AI-enabled chemistry,800000.0,USD,core_match,True,False
NSF_2212371,NSF,2022,AI-enabled chemistry,400000.0,USD,core_match,True,False
NSF_2212465,NSF,2022,AI-enabled chemistry,574640.0,USD,core_match,True,False
NSF_2212546,NSF,2022,AI-enabled chemistry,1200000.0,USD,core_match,True,False
NSF_2212981,NSF,2022,AI-enabled chemistry,348878.0,USD,core_match,True,False
NSF_2213103,NSF,2022,AI-enabled chemistry,300000.0,USD,core_match,True,False
NSF_2213159,NSF,2022,AI-enabled chemistry,300000.0,USD,core_match,True,False
NSF_2213241,NSF,2022,AI-enabled chemistry,300000.0,USD,broad_match,False,True
NSF_2213324,NSF,2022,AI-enabled chemistry,300000.0,USD,core_match,True,False
NSF_2213339,NSF,2022,AI-enabled chemistry,249989.0,USD,core_match,True,False
NSF_2213494,NSF,2022,AI-enabled chemistry,247238.0,USD,core_match,True,False
NSF_2214631,NSF,2022,AI-enabled chemistry,360000.0,USD,broad_match,False,True
NSF_2214676,NSF,2022,AI-enabled chemistry,25000.0,USD,core_match,True,False
NSF_2214718,NSF,2022,AI-enabled chemistry,8000.0,USD,core_match,True,False
NSF_2215734,NSF,2022,AI-enabled chemistry,432111.0,USD,core_match,True,False
NSF_2215741,NSF,2022,AI-enabled chemistry,625000.0,USD,core_match,True,False
NSF_2216084,NSF,2022,AI-enabled chemistry,4000000.0,USD,core_match,True,False
NSF_2216289,NSF,2022,AI-enabled chemistry,450000.0,USD,core_match,True,False
NSF_2216423,NSF,2022,AI-enabled chemistry,644568.0,USD,core_match,True,False
NSF_2216519,NSF,2022,AI-enabled chemistry,21387.0,USD,core_match,True,False
NSF_2216805,NSF,2022,AI-enabled chemistry,900000.0,USD,core_match,True,False
NSF_2216858,NSF,2022,AI-enabled chemistry,886474.0,USD,core_match,True,False
NSF_2216898,NSF,2022,AI-enabled chemistry,34968.0,USD,core_match,True,False
NSF_2216923,NSF,2022,AI-enabled chemistry,143156.0,USD,core_match,True,False
NSF_2217010,NSF,2022,AI-enabled chemistry,62490.0,USD,core_match,True,False
NSF_2217020,NSF,2022,AI-enabled chemistry,62500.0,USD,core_match,True,False
NSF_2217021,NSF,2022,AI-enabled chemistry,44773.0,USD,core_match,True,False
NSF_2217028,NSF,2022,AI-enabled chemistry,62500.0,USD,core_match,True,False
NSF_2217086,NSF,2022,AI-enabled chemistry,62500.0,USD,core_match,True,False
NSF_2217824,NSF,2022,AI-enabled chemistry,6000000.0,USD,core_match,True,False
NSF_2218070,NSF,2022,AI-enabled chemistry,4000000.0,USD,core_match,True,False
NSF_2218373,NSF,2022,AI-enabled chemistry,300000.0,USD,core_match,True,False
NSF_2218604,NSF,2022,AI-enabled chemistry,600000.0,USD,core_match,True,False
NSF_2218841,NSF,2022,AI-enabled chemistry,340000.0,USD,core_match,True,False
NSF_2218938,NSF,2022,AI-enabled chemistry,860000.0,USD,core_match,True,False
NSF_2218958,NSF,2022,AI-enabled chemistry,500000.0,USD,core_match,True,False
NSF_2221136,NSF,2022,AI-enabled chemistry,1500000.0,USD,core_match,True,False
NSF_2221346,NSF,2022,AI-enabled chemistry,1800000.0,USD,core_match,True,False
NSF_2222373,NSF,2022,AI-enabled chemistry,59046.0,USD,core_match,True,False
NSF_2222619,NSF,2022,AI-enabled chemistry,275000.0,USD,core_match,True,False
NSF_2222620,NSF,2022,AI-enabled chemistry,180499.0,USD,core_match,True,False
NSF_2222654,NSF,2022,AI-enabled chemistry,1344500.0,USD,core_match,True,False
NSF_2223127,NSF,2022,AI-enabled chemistry,49500.0,USD,core_match,True,False
NSF_2224189,NSF,2022,AI-enabled chemistry,48375.0,USD,core_match,True,False
NSF_2224960,NSF,2022,AI-enabled chemistry,1125000.0,USD,core_match,True,False
NSF_2224985,NSF,2022,AI-enabled chemistry,525000.0,USD,core_match,True,False
NSF_2225986,NSF,2022,AI-enabled chemistry,75451.0,USD,core_match,True,False
NSF_2226183,NSF,2022,AI-enabled chemistry,782337.0,USD,core_match,True,False
NSF_2226383,NSF,2022,AI-enabled chemistry,489942.0,USD,core_match,True,False
NSF_2226451,NSF,2022,AI-enabled chemistry,444038.0,USD,core_match,True,False
NSF_2226466,NSF,2022,AI-enabled chemistry,1498460.0,USD,core_match,True,False
NSF_2226475,NSF,2022,AI-enabled chemistry,564621.0,USD,core_match,True,False
NSF_2226511,NSF,2022,AI-enabled chemistry,1074218.0,USD,core_match,True,False
NSF_2226633,NSF,2022,AI-enabled chemistry,605000.0,USD,core_match,True,False
NSF_2226663,NSF,2022,AI-enabled chemistry,1485925.0,USD,core_match,True,False
NSF_2226731,NSF,2022,AI-enabled chemistry,894118.0,USD,core_match,True,False
NSF_2226804,NSF,2022,AI-enabled chemistry,1500000.0,USD,core_match,True,False
NSF_2226816,NSF,2022,AI-enabled chemistry,1500000.0,USD,core_match,True,False
NSF_2226976,NSF,2022,AI-enabled chemistry,672473.0,USD,core_match,True,False
NSF_2227112,NSF,2022,AI-enabled chemistry,418678.0,USD,core_match,True,False
NSF_2228923,NSF,2022,AI-enabled chemistry,265478.0,USD,core_match,True,False
NSF_2229036,NSF,2022,AI-enabled chemistry,2999732.0,USD,core_match,True,False
NSF_2229406,NSF,2022,AI-enabled chemistry,30875.0,USD,broad_match,False,True
NSF_2229623,NSF,2022,AI-enabled chemistry,10000.0,USD,core_match,True,False
NSF_2229986,NSF,2022,AI-enabled chemistry,357473.0,USD,core_match,True,False
NSF_2230111,NSF,2022,AI-enabled chemistry,500000.0,USD,core_match,True,False
NSF_2230180,NSF,2022,AI-enabled chemistry,2495019.0,USD,core_match,True,False
NSF_2230383,NSF,2022,AI-enabled chemistry,659177.0,USD,core_match,True,False
NSF_2230384,NSF,2022,AI-enabled chemistry,156078.0,USD,core_match,True,False
NSF_2230385,NSF,2022,AI-enabled chemistry,120000.0,USD,core_match,True,False
NSF_2231174,NSF,2022,AI-enabled chemistry,300000.0,USD,core_match,True,False
NSF_2231469,NSF,2022,AI-enabled chemistry,250000.0,USD,core_match,True,False
NSF_2231470,NSF,2022,AI-enabled chemistry,50000.0,USD,core_match,True,False
NSF_2231512,NSF,2022,AI-enabled chemistry,99998.0,USD,core_match,True,False
NSF_2231526,NSF,2022,AI-enabled chemistry,99992.0,USD,broad_match,False,True
NSF_2231634,NSF,2022,AI-enabled chemistry,300000.0,USD,core_match,True,False
NSF_2231740,NSF,2022,AI-enabled chemistry,49999.0,USD,core_match,True,False
NSF_2233279,NSF,2022,AI-enabled chemistry,15524.0,USD,broad_match,False,True
NSF_2233317,NSF,2022,AI-enabled chemistry,274713.0,USD,broad_match,False,True
NSF_2235992,NSF,2022,AI-enabled chemistry,750000.0,USD,core_match,True,False
NSF_2236190,NSF,2022,AI-enabled chemistry,750000.0,USD,core_match,True,False
NSF_2236389,NSF,2022,AI-enabled chemistry,744721.0,USD,core_match,True,False
NSF_2236622,NSF,2022,AI-enabled chemistry,750000.0,USD,broad_match,False,True
NSF_2239226,NSF,2022,AI-enabled chemistry,445000.0,USD,core_match,True,False
NSF_2240407,NSF,2022,AI-enabled chemistry,3750000.0,USD,core_match,True,False
NSF_2240526,NSF,2022,AI-enabled chemistry,193872.0,USD,core_match,True,False
NSF_2244988,NSF,2022,AI-enabled chemistry,425565.0,USD,core_match,True,False
NSF_2245530,NSF,2022,AI-enabled chemistry,248613.0,USD,core_match,True,False
NSF_2246564,NSF,2022,AI-enabled chemistry,500000.0,USD,core_match,True,False
NSF_2247309,NSF,2022,AI-enabled chemistry,62490.0,USD,core_match,True,False
NSF_2301601,NSF,2022,AI-enabled chemistry,275000.0,USD,core_match,True,False
NSF_2304816,NSF,2022,AI-enabled chemistry,299988.0,USD,core_match,True,False
NSF_2305529,NSF,2022,AI-enabled chemistry,500723.0,USD,core_match,True,False
NSF_2306929,NSF,2022,AI-enabled chemistry,600000.0,USD,core_match,True,False
NSF_2306967,NSF,2022,AI-enabled chemistry,253516.0,USD,core_match,True,False
NSF_2309475,NSF,2022,AI-enabled chemistry,329655.0,USD,core_match,True,False
NSF_2313412,NSF,2022,AI-enabled chemistry,460000.0,USD,core_match,True,False
NSF_2323108,NSF,2022,AI-enabled chemistry,592928.0,USD,core_match,True,False
NSF_2328095,NSF,2022,AI-enabled chemistry,549351.0,USD,core_match,True,False
NSF_2128556,NSF,2023,AI-enabled chemistry,195500000.0,USD,core_match,True,False
NSF_2153503,NSF,2023,AI-enabled chemistry,90800000.0,USD,broad_match,False,True
NSF_2203176,NSF,2023,AI-enabled chemistry,567000.0,USD,core_match,True,False
NSF_2203177,NSF,2023,AI-enabled chemistry,142764.0,USD,core_match,True,False
NSF_2208406,NSF,2023,AI-enabled chemistry,375984.0,USD,core_match,True,False
NSF_2208489,NSF,2023,AI-enabled chemistry,242876.0,USD,core_match,True,False
NSF_2213137,NSF,2023,AI-enabled chemistry,255786.0,USD,broad_match,False,True
NSF_2221098,NSF,2023,AI-enabled chemistry,245238.0,USD,core_match,True,False
NSF_2221104,NSF,2023,AI-enabled chemistry,245465.0,USD,core_match,True,False
NSF_2226081,NSF,2023,AI-enabled chemistry,406000.0,USD,core_match,True,False
NSF_2226647,NSF,2023,AI-enabled chemistry,858451.0,USD,core_match,True,False
NSF_2226648,NSF,2023,AI-enabled chemistry,169044.0,USD,core_match,True,False
NSF_2226649,NSF,2023,AI-enabled chemistry,172466.0,USD,core_match,True,False
NSF_2226898,NSF,2023,AI-enabled chemistry,271000.0,USD,core_match,True,False
NSF_2227241,NSF,2023,AI-enabled chemistry,306081.0,USD,broad_match,False,True
NSF_2227936,NSF,2023,AI-enabled chemistry,274990.0,USD,core_match,True,False
NSF_2228782,NSF,2023,AI-enabled chemistry,3000000.0,USD,core_match,True,False
NSF_2229092,NSF,2023,AI-enabled chemistry,3000000.0,USD,core_match,True,False
NSF_2229143,NSF,2023,AI-enabled chemistry,500000.0,USD,core_match,True,False
NSF_2229686,NSF,2023,AI-enabled chemistry,250886.0,USD,core_match,True,False
NSF_2229755,NSF,2023,AI-enabled chemistry,191801.0,USD,core_match,True,False
NSF_2230060,NSF,2023,AI-enabled chemistry,353357.0,USD,core_match,True,False
NSF_2230061,NSF,2023,AI-enabled chemistry,246643.0,USD,core_match,True,False
NSF_2231079,NSF,2023,AI-enabled chemistry,389768.0,USD,broad_match,False,True
NSF_2231080,NSF,2023,AI-enabled chemistry,392564.0,USD,broad_match,False,True
NSF_2231082,NSF,2023,AI-enabled chemistry,384549.0,USD,broad_match,False,True
NSF_2233237,NSF,2023,AI-enabled chemistry,275000.0,USD,broad_match,False,True
NSF_2233672,NSF,2023,AI-enabled chemistry,275000.0,USD,broad_match,False,True
NSF_2233881,NSF,2023,AI-enabled chemistry,885991.0,USD,broad_match,False,True
NSF_2234491,NSF,2023,AI-enabled chemistry,972411.0,USD,broad_match,False,True
NSF_2235443,NSF,2023,AI-enabled chemistry,480000.0,USD,core_match,True,False
NSF_2235462,NSF,2023,AI-enabled chemistry,380000.0,USD,core_match,True,False
NSF_2235485,NSF,2023,AI-enabled chemistry,191819.0,USD,core_match,True,False
NSF_2235600,NSF,2023,AI-enabled chemistry,290844.0,USD,core_match,True,False
NSF_2235778,NSF,2023,AI-enabled chemistry,743908.0,USD,core_match,True,False
NSF_2235790,NSF,2023,AI-enabled chemistry,107941.0,USD,core_match,True,False
NSF_2236215,NSF,2023,AI-enabled chemistry,770000.0,USD,core_match,True,False
NSF_2236689,NSF,2023,AI-enabled chemistry,580246.0,USD,broad_match,False,True
NSF_2236769,NSF,2023,AI-enabled chemistry,651609.0,USD,core_match,True,False
NSF_2237063,NSF,2023,AI-enabled chemistry,589486.0,USD,core_match,True,False
NSF_2237077,NSF,2023,AI-enabled chemistry,500000.0,USD,core_match,True,False
NSF_2237193,NSF,2023,AI-enabled chemistry,469787.0,USD,core_match,True,False
NSF_2237217,NSF,2023,AI-enabled chemistry,650000.0,USD,core_match,True,False
NSF_2237291,NSF,2023,AI-enabled chemistry,629358.0,USD,core_match,True,False
NSF_2237306,NSF,2023,AI-enabled chemistry,676111.0,USD,core_match,True,False
NSF_2237314,NSF,2023,AI-enabled chemistry,730629.0,USD,core_match,True,False
NSF_2237470,NSF,2023,AI-enabled chemistry,595287.0,USD,core_match,True,False
NSF_2237616,NSF,2023,AI-enabled chemistry,517535.0,USD,core_match,True,False
NSF_2237792,NSF,2023,AI-enabled chemistry,650000.0,USD,core_match,True,False
NSF_2237889,NSF,2023,AI-enabled chemistry,560398.0,USD,broad_match,False,True
NSF_2238081,NSF,2023,AI-enabled chemistry,770000.0,USD,broad_match,False,True
NSF_2238147,NSF,2023,AI-enabled chemistry,576802.0,USD,core_match,True,False
NSF_2238516,NSF,2023,AI-enabled chemistry,528299.0,USD,core_match,True,False
NSF_2238874,NSF,2023,AI-enabled chemistry,667017.0,USD,broad_match,False,True
NSF_2239038,NSF,2023,AI-enabled chemistry,704221.0,USD,broad_match,False,True
NSF_2239244,NSF,2023,AI-enabled chemistry,596734.0,USD,core_match,True,False
NSF_2239479,NSF,2023,AI-enabled chemistry,600000.0,USD,core_match,True,False
NSF_2239618,NSF,2023,AI-enabled chemistry,625000.0,USD,core_match,True,False
NSF_2240021,NSF,2023,AI-enabled chemistry,779556.0,USD,core_match,True,False
NSF_2240281,NSF,2023,AI-enabled chemistry,414197.0,USD,core_match,True,False
NSF_2240282,NSF,2023,AI-enabled chemistry,375803.0,USD,core_match,True,False
NSF_2240388,NSF,2023,AI-enabled chemistry,450000.0,USD,broad_match,False,True
NSF_2240562,NSF,2023,AI-enabled chemistry,450000.0,USD,broad_match,False,True
NSF_2242763,NSF,2023,AI-enabled chemistry,20000000.0,USD,core_match,True,False
NSF_2242946,NSF,2023,AI-enabled chemistry,442687.0,USD,core_match,True,False
NSF_2243257,NSF,2023,AI-enabled chemistry,29781068.0,USD,core_match,True,False
NSF_2243443,NSF,2023,AI-enabled chemistry,1449699.0,USD,core_match,True,False
NSF_2243850,NSF,2023,AI-enabled chemistry,599939.0,USD,core_match,True,False
NSF_2244274,NSF,2023,AI-enabled chemistry,3000000.0,USD,core_match,True,False
NSF_2244310,NSF,2023,AI-enabled chemistry,3000000.0,USD,core_match,True,False
NSF_2244492,NSF,2023,AI-enabled chemistry,405000.0,USD,core_match,True,False
NSF_2245120,NSF,2023,AI-enabled chemistry,291349.0,USD,core_match,True,False
NSF_2245375,NSF,2023,AI-enabled chemistry,296970.0,USD,core_match,True,False
NSF_2245376,NSF,2023,AI-enabled chemistry,356375.0,USD,core_match,True,False
NSF_2245402,NSF,2023,AI-enabled chemistry,326416.0,USD,core_match,True,False
NSF_2245403,NSF,2023,AI-enabled chemistry,224847.0,USD,core_match,True,False
NSF_2245592,NSF,2023,AI-enabled chemistry,530000.0,USD,core_match,True,False
NSF_2245903,NSF,2023,AI-enabled chemistry,599995.0,USD,core_match,True,False
NSF_2246187,NSF,2023,AI-enabled chemistry,174982.0,USD,core_match,True,False
NSF_2246747,NSF,2023,AI-enabled chemistry,544758.0,USD,core_match,True,False
NSF_2246764,NSF,2023,AI-enabled chemistry,521959.0,USD,core_match,True,False
NSF_2246878,NSF,2023,AI-enabled chemistry,530000.0,USD,core_match,True,False
NSF_2247426,NSF,2023,AI-enabled chemistry,900000.0,USD,core_match,True,False
NSF_2247481,NSF,2023,AI-enabled chemistry,424350.0,USD,core_match,True,False
NSF_2247494,NSF,2023,AI-enabled chemistry,575000.0,USD,core_match,True,False
NSF_2247505,NSF,2023,AI-enabled chemistry,450000.0,USD,core_match,True,False
NSF_2247692,NSF,2023,AI-enabled chemistry,550000.0,USD,core_match,True,False
NSF_2300360,NSF,2023,AI-enabled chemistry,299895.0,USD,core_match,True,False
NSF_2300369,NSF,2023,AI-enabled chemistry,299828.0,USD,core_match,True,False
NSF_2300475,NSF,2023,AI-enabled chemistry,300000.0,USD,core_match,True,False
NSF_2301348,NSF,2023,AI-enabled chemistry,459000.0,USD,core_match,True,False
NSF_2301919,NSF,2023,AI-enabled chemistry,200000.0,USD,broad_match,False,True
NSF_2302171,NSF,2023,AI-enabled chemistry,600000.0,USD,broad_match,False,True
NSF_2303044,NSF,2023,AI-enabled chemistry,20000000.0,USD,core_match,True,False
NSF_2303580,NSF,2023,AI-enabled chemistry,250000.0,USD,core_match,True,False
NSF_2303581,NSF,2023,AI-enabled chemistry,400000.0,USD,core_match,True,False
NSF_2303860,NSF,2023,AI-enabled chemistry,52000.0,USD,core_match,True,False
NSF_2304222,NSF,2023,AI-enabled chemistry,274829.0,USD,core_match,True,False
NSF_2304658,NSF,2023,AI-enabled chemistry,449440.0,USD,core_match,True,False
NSF_2304829,NSF,2023,AI-enabled chemistry,540000.0,USD,core_match,True,False
NSF_2304903,NSF,2023,AI-enabled chemistry,390000.0,USD,core_match,True,False
NSF_2305020,NSF,2023,AI-enabled chemistry,449994.0,USD,core_match,True,False
NSF_2306011,NSF,2023,AI-enabled chemistry,529999.0,USD,core_match,True,False
NSF_2306799,NSF,2023,AI-enabled chemistry,399399.0,USD,core_match,True,False
NSF_2306975,NSF,2023,AI-enabled chemistry,500000.0,USD,core_match,True,False
NSF_2307115,NSF,2023,AI-enabled chemistry,300000.0,USD,core_match,True,False
NSF_2307150,NSF,2023,AI-enabled chemistry,473741.0,USD,core_match,True,False
NSF_2307151,NSF,2023,AI-enabled chemistry,358461.0,USD,core_match,True,False
NSF_2308152,NSF,2023,AI-enabled chemistry,266748.0,USD,core_match,True,False
NSF_2308708,NSF,2023,AI-enabled chemistry,18000000.0,USD,core_match,True,False
NSF_2308742,NSF,2023,AI-enabled chemistry,403110.0,USD,core_match,True,False
NSF_2308743,NSF,2023,AI-enabled chemistry,453085.0,USD,core_match,True,False
NSF_2309000,NSF,2023,AI-enabled chemistry,18000000.0,USD,core_match,True,False
NSF_2309037,NSF,2023,AI-enabled chemistry,18000000.0,USD,core_match,True,False
NSF_2309043,NSF,2023,AI-enabled chemistry,18000000.0,USD,core_match,True,False
NSF_2309315,NSF,2023,AI-enabled chemistry,692351.0,USD,core_match,True,False
NSF_2309378,NSF,2023,AI-enabled chemistry,400000.0,USD,core_match,True,False
NSF_2309396,NSF,2023,AI-enabled chemistry,549718.0,USD,core_match,True,False
NSF_2309777,NSF,2023,AI-enabled chemistry,154781.0,USD,core_match,True,False
NSF_2309778,NSF,2023,AI-enabled chemistry,156046.0,USD,core_match,True,False
NSF_2309782,NSF,2023,AI-enabled chemistry,275000.0,USD,core_match,True,False
NSF_2309814,NSF,2023,AI-enabled chemistry,112817.0,USD,broad_match,False,True
NSF_2309852,NSF,2023,AI-enabled chemistry,579734.0,USD,core_match,True,False
NSF_2310059,NSF,2023,AI-enabled chemistry,11999999.0,USD,broad_match,False,True
NSF_2310185,NSF,2023,AI-enabled chemistry,489134.0,USD,broad_match,False,True
NSF_2310395,NSF,2023,AI-enabled chemistry,1177301.0,USD,core_match,True,False
NSF_2310396,NSF,2023,AI-enabled chemistry,622699.0,USD,core_match,True,False
NSF_2310663,NSF,2023,AI-enabled chemistry,20000.0,USD,core_match,True,False
NSF_2311202,NSF,2023,AI-enabled chemistry,400000.0,USD,core_match,True,False
NSF_2311203,NSF,2023,AI-enabled chemistry,200000.0,USD,core_match,True,False
NSF_2311260,NSF,2023,AI-enabled chemistry,2928087.0,USD,core_match,True,False
NSF_2311632,NSF,2023,AI-enabled chemistry,4500000.0,USD,core_match,True,False
NSF_2311707,NSF,2023,AI-enabled chemistry,2102685.0,USD,core_match,True,False
NSF_2311708,NSF,2023,AI-enabled chemistry,797666.0,USD,core_match,True,False
NSF_2311709,NSF,2023,AI-enabled chemistry,447016.0,USD,core_match,True,False
NSF_2312079,NSF,2023,AI-enabled chemistry,10000.0,USD,core_match,True,False
NSF_2312222,NSF,2023,AI-enabled chemistry,525848.0,USD,core_match,True,False
NSF_2312304,NSF,2023,AI-enabled chemistry,452293.0,USD,core_match,True,False
NSF_2312480,NSF,2023,AI-enabled chemistry,685998.0,USD,core_match,True,False
NSF_2312501,NSF,2023,AI-enabled chemistry,800000.0,USD,core_match,True,False
NSF_2312502,NSF,2023,AI-enabled chemistry,400000.0,USD,core_match,True,False
NSF_2313269,NSF,2023,AI-enabled chemistry,550000.0,USD,core_match,True,False
NSF_2313289,NSF,2023,AI-enabled chemistry,372500.0,USD,core_match,True,False
NSF_2313791,NSF,2023,AI-enabled chemistry,700000.0,USD,core_match,True,False
NSF_2313826,NSF,2023,AI-enabled chemistry,529887.0,USD,core_match,True,False
NSF_2314203,NSF,2023,AI-enabled chemistry,570787.0,USD,core_match,True,False
NSF_2314237,NSF,2023,AI-enabled chemistry,1969709.0,USD,core_match,True,False
NSF_2315626,NSF,2023,AI-enabled chemistry,299134.0,USD,core_match,True,False
NSF_2315913,NSF,2023,AI-enabled chemistry,46865.0,USD,core_match,True,False
NSF_2316003,NSF,2023,AI-enabled chemistry,299621.0,USD,core_match,True,False
NSF_2316201,NSF,2023,AI-enabled chemistry,3033782.0,USD,core_match,True,False
NSF_2316202,NSF,2023,AI-enabled chemistry,916767.0,USD,core_match,True,False
NSF_2316203,NSF,2023,AI-enabled chemistry,997017.0,USD,core_match,True,False
NSF_2316666,NSF,2023,AI-enabled chemistry,300000.0,USD,core_match,True,False
NSF_2317134,NSF,2023,AI-enabled chemistry,21600000.0,USD,core_match,True,False
NSF_2317149,NSF,2023,AI-enabled chemistry,25200000.0,USD,core_match,True,False
NSF_2318105,NSF,2023,AI-enabled chemistry,1800000.0,USD,core_match,True,False
NSF_2318141,NSF,2023,AI-enabled chemistry,1800000.0,USD,core_match,True,False
NSF_2318894,NSF,2023,AI-enabled chemistry,300000.0,USD,core_match,True,False
NSF_2319321,NSF,2023,AI-enabled chemistry,2961895.0,USD,broad_match,False,True
NSF_2319520,NSF,2023,AI-enabled chemistry,1400000.0,USD,broad_match,False,True
NSF_2319521,NSF,2023,AI-enabled chemistry,949997.0,USD,broad_match,False,True
NSF_2319522,NSF,2023,AI-enabled chemistry,650000.0,USD,broad_match,False,True
NSF_2319690,NSF,2023,AI-enabled chemistry,704482.0,USD,core_match,True,False
NSF_2320030,NSF,2023,AI-enabled chemistry,1938193.0,USD,core_match,True,False
NSF_2320244,NSF,2023,AI-enabled chemistry,935340.0,USD,core_match,True,False
NSF_2320292,NSF,2023,AI-enabled chemistry,1100000.0,USD,core_match,True,False
NSF_2320330,NSF,2023,AI-enabled chemistry,213945.0,USD,core_match,True,False
NSF_2320458,NSF,2023,AI-enabled chemistry,172138.0,USD,broad_match,False,True
NSF_2320468,NSF,2023,AI-enabled chemistry,2500000.0,USD,broad_match,False,True
NSF_2320493,NSF,2023,AI-enabled chemistry,592212.0,USD,core_match,True,False
NSF_2320649,NSF,2023,AI-enabled chemistry,1399000.0,USD,core_match,True,False
NSF_2320718,NSF,2023,AI-enabled chemistry,300000.0,USD,core_match,True,False
NSF_2320735,NSF,2023,AI-enabled chemistry,1000000.0,USD,core_match,True,False
NSF_2320929,NSF,2023,AI-enabled chemistry,557722.0,USD,broad_match,False,True
NSF_2320936,NSF,2023,AI-enabled chemistry,530000.0,USD,core_match,True,False
NSF_2321054,NSF,2023,AI-enabled chemistry,1000000.0,USD,core_match,True,False
NSF_2321443,NSF,2023,AI-enabled chemistry,492652.0,USD,core_match,True,False
NSF_2321504,NSF,2023,AI-enabled chemistry,599573.0,USD,core_match,True,False
NSF_2321565,NSF,2023,AI-enabled chemistry,467607.0,USD,core_match,True,False
NSF_2322325,NSF,2023,AI-enabled chemistry,259518.0,USD,core_match,True,False
NSF_2322572,NSF,2023,AI-enabled chemistry,500000.0,USD,core_match,True,False
NSF_2323117,NSF,2023,AI-enabled chemistry,760000.0,USD,core_match,True,False
NSF_2323422,NSF,2023,AI-enabled chemistry,952291.0,USD,core_match,True,False
NSF_2323423,NSF,2023,AI-enabled chemistry,440001.0,USD,core_match,True,False
NSF_2323424,NSF,2023,AI-enabled chemistry,440000.0,USD,core_match,True,False
NSF_2323456,NSF,2023,AI-enabled chemistry,731650.0,USD,core_match,True,False
NSF_2323457,NSF,2023,AI-enabled chemistry,672809.0,USD,core_match,True,False
NSF_2323458,NSF,2023,AI-enabled chemistry,589971.0,USD,core_match,True,False
NSF_2323468,NSF,2023,AI-enabled chemistry,1065000.0,USD,core_match,True,False
NSF_2323469,NSF,2023,AI-enabled chemistry,440000.0,USD,core_match,True,False
NSF_2323470,NSF,2023,AI-enabled chemistry,485000.0,USD,core_match,True,False
NSF_2323546,NSF,2023,AI-enabled chemistry,1120000.0,USD,core_match,True,False
NSF_2323547,NSF,2023,AI-enabled chemistry,500000.0,USD,core_match,True,False
NSF_2323548,NSF,2023,AI-enabled chemistry,346684.0,USD,core_match,True,False
NSF_2323665,NSF,2023,AI-enabled chemistry,453737.0,USD,core_match,True,False
NSF_2323666,NSF,2023,AI-enabled chemistry,399985.0,USD,core_match,True,False
NSF_2323667,NSF,2023,AI-enabled chemistry,346256.0,USD,core_match,True,False
NSF_2323668,NSF,2023,AI-enabled chemistry,399996.0,USD,core_match,True,False
NSF_2323669,NSF,2023,AI-enabled chemistry,400000.0,USD,core_match,True,False
NSF_2323695,NSF,2023,AI-enabled chemistry,1541748.0,USD,core_match,True,False
NSF_2323696,NSF,2023,AI-enabled chemistry,432418.0,USD,core_match,True,False
NSF_2323699,NSF,2023,AI-enabled chemistry,625184.0,USD,core_match,True,False
NSF_2323700,NSF,2023,AI-enabled chemistry,638566.0,USD,core_match,True,False
NSF_2323701,NSF,2023,AI-enabled chemistry,538249.0,USD,core_match,True,False
NSF_2323715,NSF,2023,AI-enabled chemistry,1149379.0,USD,core_match,True,False
NSF_2323716,NSF,2023,AI-enabled chemistry,800000.0,USD,core_match,True,False
NSF_2323727,NSF,2023,AI-enabled chemistry,421114.0,USD,core_match,True,False
NSF_2323729,NSF,2023,AI-enabled chemistry,350229.0,USD,core_match,True,False
NSF_2323968,NSF,2023,AI-enabled chemistry,1450000.0,USD,core_match,True,False
NSF_2323969,NSF,2023,AI-enabled chemistry,550000.0,USD,core_match,True,False
NSF_2323970,NSF,2023,AI-enabled chemistry,1500000.0,USD,core_match,True,False
NSF_2323971,NSF,2023,AI-enabled chemistry,499995.0,USD,core_match,True,False
NSF_2323976,NSF,2023,AI-enabled chemistry,455000.0,USD,core_match,True,False
NSF_2323977,NSF,2023,AI-enabled chemistry,364656.0,USD,core_match,True,False
NSF_2323978,NSF,2023,AI-enabled chemistry,790000.0,USD,core_match,True,False
NSF_2323979,NSF,2023,AI-enabled chemistry,390000.0,USD,core_match,True,False
NSF_2323988,NSF,2023,AI-enabled chemistry,1600000.0,USD,core_match,True,False
NSF_2323989,NSF,2023,AI-enabled chemistry,400000.0,USD,core_match,True,False
NSF_2324032,NSF,2023,AI-enabled chemistry,400000.0,USD,core_match,True,False
NSF_2324033,NSF,2023,AI-enabled chemistry,799999.0,USD,core_match,True,False
NSF_2324034,NSF,2023,AI-enabled chemistry,400000.0,USD,core_match,True,False
NSF_2324035,NSF,2023,AI-enabled chemistry,400000.0,USD,core_match,True,False
NSF_2324156,NSF,2023,AI-enabled chemistry,1219164.0,USD,core_match,True,False
NSF_2324157,NSF,2023,AI-enabled chemistry,314920.0,USD,core_match,True,False
NSF_2324158,NSF,2023,AI-enabled chemistry,465916.0,USD,core_match,True,False
NSF_2324167,NSF,2023,AI-enabled chemistry,1425000.0,USD,core_match,True,False
NSF_2324168,NSF,2023,AI-enabled chemistry,475000.0,USD,core_match,True,False
NSF_2324394,NSF,2023,AI-enabled chemistry,594633.0,USD,core_match,True,False
NSF_2324958,NSF,2023,AI-enabled chemistry,430597.0,USD,core_match,True,False
NSF_2325045,NSF,2023,AI-enabled chemistry,1000000.0,USD,core_match,True,False
NSF_2325184,NSF,2023,AI-enabled chemistry,375000.0,USD,core_match,True,False
NSF_2325185,NSF,2023,AI-enabled chemistry,119728.0,USD,core_match,True,False
NSF_2325392,NSF,2023,AI-enabled chemistry,567653.0,USD,core_match,True,False
NSF_2326494,NSF,2023,AI-enabled chemistry,300000.0,USD,core_match,True,False
NSF_2326495,NSF,2023,AI-enabled chemistry,300000.0,USD,core_match,True,False
NSF_2326628,NSF,2023,AI-enabled chemistry,2000000.0,USD,broad_match,False,True
NSF_2326787,NSF,2023,AI-enabled chemistry,1750000.0,USD,core_match,True,False
NSF_2327013,NSF,2023,AI-enabled chemistry,599238.0,USD,core_match,True,False
NSF_2329096,NSF,2023,AI-enabled chemistry,1999998.0,USD,core_match,True,False
NSF_2329284,NSF,2023,AI-enabled chemistry,866957.0,USD,core_match,True,False
NSF_2329345,NSF,2023,AI-enabled chemistry,334156.0,USD,core_match,True,False
NSF_2329470,NSF,2023,AI-enabled chemistry,340000.0,USD,core_match,True,False
NSF_2329471,NSF,2023,AI-enabled chemistry,300000.0,USD,core_match,True,False
NSF_2330048,NSF,2023,AI-enabled chemistry,600000.0,USD,core_match,True,False
NSF_2330240,NSF,2023,AI-enabled chemistry,200000.0,USD,core_match,True,False
NSF_2331482,NSF,2023,AI-enabled chemistry,214668.0,USD,core_match,True,False
NSF_2331890,NSF,2023,AI-enabled chemistry,318866.0,USD,core_match,True,False
NSF_2332863,NSF,2023,AI-enabled chemistry,49600.0,USD,core_match,True,False
NSF_2333654,NSF,2023,AI-enabled chemistry,35091.0,USD,core_match,True,False
NSF_2334240,NSF,2023,AI-enabled chemistry,200000.0,USD,core_match,True,False
NSF_2334261,NSF,2023,AI-enabled chemistry,199112.0,USD,core_match,True,False
NSF_2334275,NSF,2023,AI-enabled chemistry,198498.0,USD,core_match,True,False
NSF_2334294,NSF,2023,AI-enabled chemistry,198692.0,USD,core_match,True,False
NSF_2334385,NSF,2023,AI-enabled chemistry,108007.0,USD,core_match,True,False
NSF_2334386,NSF,2023,AI-enabled chemistry,91989.0,USD,core_match,True,False
NSF_2334411,NSF,2023,AI-enabled chemistry,200000.0,USD,core_match,True,False
NSF_2335930,NSF,2023,AI-enabled chemistry,50000.0,USD,core_match,True,False
NSF_2336229,NSF,2023,AI-enabled chemistry,123310.0,USD,core_match,True,False
NSF_2337647,NSF,2023,AI-enabled chemistry,100000.0,USD,core_match,True,False
NSF_2338194,NSF,2023,AI-enabled chemistry,50000.0,USD,broad_match,False,True
NSF_2339804,NSF,2023,AI-enabled chemistry,625000.0,USD,core_match,True,False
NSF_2344877,NSF,2023,AI-enabled chemistry,5000000.0,USD,broad_match,False,True
NSF_2346163,NSF,2023,AI-enabled chemistry,308000.0,USD,core_match,True,False
NSF_2350325,NSF,2023,AI-enabled chemistry,112817.0,USD,broad_match,False,True
NSF_2401297,NSF,2023,AI-enabled chemistry,749833.0,USD,core_match,True,False
NSF_2401745,NSF,2023,AI-enabled chemistry,1344500.0,USD,core_match,True,False
NSF_2409891,NSF,2023,AI-enabled chemistry,342853.0,USD,core_match,True,False
NSF_2410514,NSF,2023,AI-enabled chemistry,687531.0,USD,core_match,True,False
NSF_2411000,NSF,2023,AI-enabled chemistry,180499.0,USD,core_match,True,False
NSF_2412182,NSF,2023,AI-enabled chemistry,450097.0,USD,core_match,True,False
NSF_2427540,NSF,2023,AI-enabled chemistry,549509.0,USD,core_match,True,False
NSF_2315996,NSF,2024,AI-enabled chemistry,392931.0,USD,core_match,True,False
NSF_2315997,NSF,2024,AI-enabled chemistry,360000.0,USD,core_match,True,False
NSF_2323296,NSF,2024,AI-enabled chemistry,1500000.0,USD,core_match,True,False
NSF_2325463,NSF,2024,AI-enabled chemistry,326138.0,USD,core_match,True,False
NSF_2325464,NSF,2024,AI-enabled chemistry,351750.0,USD,core_match,True,False
NSF_2325585,NSF,2024,AI-enabled chemistry,1262392.0,USD,core_match,True,False
NSF_2327473,NSF,2024,AI-enabled chemistry,245403.0,USD,core_match,True,False
NSF_2327676,NSF,2024,AI-enabled chemistry,345005.0,USD,core_match,True,False
NSF_2328159,NSF,2024,AI-enabled chemistry,499999.0,USD,core_match,True,False
NSF_2328176,NSF,2024,AI-enabled chemistry,499997.0,USD,core_match,True,False
NSF_2328188,NSF,2024,AI-enabled chemistry,485166.0,USD,core_match,True,False
NSF_2330175,NSF,2024,AI-enabled chemistry,26000000.0,USD,core_match,True,False
NSF_2330652,NSF,2024,AI-enabled chemistry,1500000.0,USD,core_match,True,False
NSF_2330663,NSF,2024,AI-enabled chemistry,1000000.0,USD,core_match,True,False
NSF_2330737,NSF,2024,AI-enabled chemistry,1453104.0,USD,core_match,True,False
NSF_2331301,NSF,2024,AI-enabled chemistry,308739.0,USD,core_match,True,False
NSF_2331302,NSF,2024,AI-enabled chemistry,291261.0,USD,core_match,True,False
NSF_2331939,NSF,2024,AI-enabled chemistry,556697.0,USD,core_match,True,False
NSF_2332062,NSF,2024,AI-enabled chemistry,477793.0,USD,core_match,True,False
NSF_2332270,NSF,2024,AI-enabled chemistry,405726.0,USD,core_match,True,False
NSF_2332275,NSF,2024,AI-enabled chemistry,632838.0,USD,core_match,True,False
NSF_2332276,NSF,2024,AI-enabled chemistry,300000.0,USD,core_match,True,False
NSF_2332606,NSF,2024,AI-enabled chemistry,20000.0,USD,core_match,True,False
NSF_2334969,NSF,2024,AI-enabled chemistry,340000.0,USD,core_match,True,False
NSF_2334970,NSF,2024,AI-enabled chemistry,320000.0,USD,core_match,True,False
NSF_2335290,NSF,2024,AI-enabled chemistry,999878.0,USD,core_match,True,False
NSF_2335833,NSF,2024,AI-enabled chemistry,17359944.0,USD,core_match,True,False
NSF_2337687,NSF,2024,AI-enabled chemistry,547044.0,USD,broad_match,False,True
NSF_2337749,NSF,2024,AI-enabled chemistry,566172.0,USD,core_match,True,False
NSF_2337991,NSF,2024,AI-enabled chemistry,650000.0,USD,core_match,True,False
NSF_2338063,NSF,2024,AI-enabled chemistry,807813.0,USD,core_match,True,False
NSF_2338229,NSF,2024,AI-enabled chemistry,726413.0,USD,core_match,True,False
NSF_2338401,NSF,2024,AI-enabled chemistry,827316.0,USD,core_match,True,False
NSF_2338804,NSF,2024,AI-enabled chemistry,690816.0,USD,core_match,True,False
NSF_2338909,NSF,2024,AI-enabled chemistry,596142.0,USD,core_match,True,False
NSF_2339116,NSF,2024,AI-enabled chemistry,788220.0,USD,core_match,True,False
NSF_2339216,NSF,2024,AI-enabled chemistry,500000.0,USD,core_match,True,False
NSF_2339439,NSF,2024,AI-enabled chemistry,506150.0,USD,core_match,True,False
NSF_2339524,NSF,2024,AI-enabled chemistry,566128.0,USD,core_match,True,False
NSF_2339751,NSF,2024,AI-enabled chemistry,504566.0,USD,core_match,True,False
NSF_2339757,NSF,2024,AI-enabled chemistry,532654.0,USD,broad_match,False,True
NSF_2340194,NSF,2024,AI-enabled chemistry,528918.0,USD,core_match,True,False
NSF_2340267,NSF,2024,AI-enabled chemistry,709448.0,USD,core_match,True,False
NSF_2340356,NSF,2024,AI-enabled chemistry,623481.0,USD,core_match,True,False
NSF_2340595,NSF,2024,AI-enabled chemistry,500294.0,USD,core_match,True,False
NSF_2340765,NSF,2024,AI-enabled chemistry,582754.0,USD,core_match,True,False
NSF_2340886,NSF,2024,AI-enabled chemistry,692942.0,USD,core_match,True,False
NSF_2341249,NSF,2024,AI-enabled chemistry,546398.0,USD,core_match,True,False
NSF_2341635,NSF,2024,AI-enabled chemistry,477596.0,USD,core_match,True,False
NSF_2341994,NSF,2024,AI-enabled chemistry,386258.0,USD,core_match,True,False
NSF_2341995,NSF,2024,AI-enabled chemistry,241299.0,USD,core_match,True,False
NSF_2342336,NSF,2024,AI-enabled chemistry,55000000.0,USD,core_match,True,False
NSF_2342675,NSF,2024,AI-enabled chemistry,498000.0,USD,core_match,True,False
NSF_2343072,NSF,2024,AI-enabled chemistry,299050.0,USD,core_match,True,False
NSF_2343120,NSF,2024,AI-enabled chemistry,300000.0,USD,core_match,True,False
NSF_2344256,NSF,2024,AI-enabled chemistry,649930.0,USD,broad_match,False,True
NSF_2344284,NSF,2024,AI-enabled chemistry,650000.0,USD,broad_match,False,True
NSF_2344305,NSF,2024,AI-enabled chemistry,650000.0,USD,core_match,True,False
NSF_2344373,NSF,2024,AI-enabled chemistry,649984.0,USD,core_match,True,False
NSF_2344423,NSF,2024,AI-enabled chemistry,650000.0,USD,core_match,True,False
NSF_2344488,NSF,2024,AI-enabled chemistry,650000.0,USD,core_match,True,False
NSF_2344734,NSF,2024,AI-enabled chemistry,420000.0,USD,core_match,True,False
NSF_2345001,NSF,2024,AI-enabled chemistry,1196750.0,USD,core_match,True,False
NSF_2345329,NSF,2024,AI-enabled chemistry,200000.0,USD,core_match,True,False
NSF_2345541,NSF,2024,AI-enabled chemistry,227460.0,USD,core_match,True,False
NSF_2345542,NSF,2024,AI-enabled chemistry,199999.0,USD,core_match,True,False
NSF_2345543,NSF,2024,AI-enabled chemistry,200000.0,USD,core_match,True,False
NSF_2345719,NSF,2024,AI-enabled chemistry,3000000.0,USD,core_match,True,False
NSF_2345874,NSF,2024,AI-enabled chemistry,3000000.0,USD,core_match,True,False
NSF_2345976,NSF,2024,AI-enabled chemistry,2923854.0,USD,core_match,True,False
NSF_2346683,NSF,2024,AI-enabled chemistry,510959.0,USD,core_match,True,False
NSF_2346701,NSF,2024,AI-enabled chemistry,991749.0,USD,core_match,True,False
NSF_2346752,NSF,2024,AI-enabled chemistry,499113.0,USD,core_match,True,False
NSF_2347218,NSF,2024,AI-enabled chemistry,340000.0,USD,core_match,True,False
NSF_2347219,NSF,2024,AI-enabled chemistry,316455.0,USD,core_match,True,False
NSF_2347401,NSF,2024,AI-enabled chemistry,400204.0,USD,core_match,True,False
NSF_2347408,NSF,2024,AI-enabled chemistry,199999.0,USD,broad_match,False,True
NSF_2348131,NSF,2024,AI-enabled chemistry,174957.0,USD,core_match,True,False
NSF_2348220,NSF,2024,AI-enabled chemistry,175000.0,USD,broad_match,False,True
NSF_2348465,NSF,2024,AI-enabled chemistry,175000.0,USD,core_match,True,False
NSF_2348686,NSF,2024,AI-enabled chemistry,40000.0,USD,core_match,True,False
NSF_2348712,NSF,2024,AI-enabled chemistry,441923.0,USD,core_match,True,False
NSF_2348724,NSF,2024,AI-enabled chemistry,465000.0,USD,core_match,True,False
NSF_2348782,NSF,2024,AI-enabled chemistry,456613.0,USD,core_match,True,False
NSF_2348884,NSF,2024,AI-enabled chemistry,374493.0,USD,core_match,True,False
NSF_2348914,NSF,2024,AI-enabled chemistry,427964.0,USD,core_match,True,False
NSF_2348955,NSF,2024,AI-enabled chemistry,359907.0,USD,core_match,True,False
NSF_2348956,NSF,2024,AI-enabled chemistry,335707.0,USD,core_match,True,False
NSF_2349118,NSF,2024,AI-enabled chemistry,464737.0,USD,core_match,True,False
NSF_2349319,NSF,2024,AI-enabled chemistry,499394.0,USD,core_match,True,False
NSF_2349649,NSF,2024,AI-enabled chemistry,498500.0,USD,core_match,True,False
NSF_2349665,NSF,2024,AI-enabled chemistry,360001.0,USD,core_match,True,False
NSF_2349666,NSF,2024,AI-enabled chemistry,296023.0,USD,core_match,True,False
NSF_2349705,NSF,2024,AI-enabled chemistry,464485.0,USD,broad_match,False,True
NSF_2349890,NSF,2024,AI-enabled chemistry,49994.0,USD,core_match,True,False
NSF_2350004,NSF,2024,AI-enabled chemistry,600000.0,USD,core_match,True,False
NSF_2350187,NSF,2024,AI-enabled chemistry,575000.0,USD,core_match,True,False
NSF_2350257,NSF,2024,AI-enabled chemistry,575000.0,USD,core_match,True,False
NSF_2400056,NSF,2024,AI-enabled chemistry,529170.0,USD,core_match,True,False
NSF_2400058,NSF,2024,AI-enabled chemistry,15000000.0,USD,core_match,True,False
NSF_2400068,NSF,2024,AI-enabled chemistry,770000.0,USD,core_match,True,False
NSF_2400135,NSF,2024,AI-enabled chemistry,18000000.0,USD,core_match,True,False
NSF_2400168,NSF,2024,AI-enabled chemistry,431454.0,USD,core_match,True,False
NSF_2400169,NSF,2024,AI-enabled chemistry,350000.0,USD,core_match,True,False
NSF_2400220,NSF,2024,AI-enabled chemistry,18000000.0,USD,core_match,True,False
NSF_2400314,NSF,2024,AI-enabled chemistry,800000.0,USD,core_match,True,False
NSF_2400339,NSF,2024,AI-enabled chemistry,535830.0,USD,core_match,True,False
NSF_2400359,NSF,2024,AI-enabled chemistry,575000.0,USD,core_match,True,False
NSF_2400524,NSF,2024,AI-enabled chemistry,307116.0,USD,core_match,True,False
NSF_2400999,NSF,2024,AI-enabled chemistry,398274.0,USD,core_match,True,False
NSF_2401067,NSF,2024,AI-enabled chemistry,999999.0,USD,core_match,True,False
NSF_2401264,NSF,2024,AI-enabled chemistry,274079.0,USD,core_match,True,False
NSF_2401265,NSF,2024,AI-enabled chemistry,273169.0,USD,core_match,True,False
NSF_2401266,NSF,2024,AI-enabled chemistry,160366.0,USD,core_match,True,False
NSF_2401291,NSF,2024,AI-enabled chemistry,29000.0,USD,core_match,True,False
NSF_2401564,NSF,2024,AI-enabled chemistry,400311.0,USD,core_match,True,False
NSF_2401616,NSF,2024,AI-enabled chemistry,437819.0,USD,broad_match,False,True
NSF_2401663,NSF,2024,AI-enabled chemistry,277930.0,USD,core_match,True,False
NSF_2401664,NSF,2024,AI-enabled chemistry,330121.0,USD,core_match,True,False
NSF_2401872,NSF,2024,AI-enabled chemistry,25000.0,USD,core_match,True,False
NSF_2402430,NSF,2024,AI-enabled chemistry,726640.0,USD,core_match,True,False
NSF_2402669,NSF,2024,AI-enabled chemistry,1000000.0,USD,core_match,True,False
NSF_2402925,NSF,2024,AI-enabled chemistry,11000.0,USD,core_match,True,False
NSF_2402926,NSF,2024,AI-enabled chemistry,12000.0,USD,core_match,True,False
NSF_2403202,NSF,2024,AI-enabled chemistry,800000.0,USD,core_match,True,False
NSF_2403203,NSF,2024,AI-enabled chemistry,400000.0,USD,core_match,True,False
NSF_2403275,NSF,2024,AI-enabled chemistry,600000.0,USD,core_match,True,False
NSF_2403276,NSF,2024,AI-enabled chemistry,597791.0,USD,core_match,True,False
NSF_2403398,NSF,2024,AI-enabled chemistry,300000.0,USD,core_match,True,False
NSF_2403399,NSF,2024,AI-enabled chemistry,300000.0,USD,core_match,True,False
NSF_2403559,NSF,2024,AI-enabled chemistry,269912.0,USD,core_match,True,False
NSF_2403560,NSF,2024,AI-enabled chemistry,336655.0,USD,core_match,True,False
NSF_2403982,NSF,2024,AI-enabled chemistry,290000.0,USD,core_match,True,False
NSF_2404069,NSF,2024,AI-enabled chemistry,600000.0,USD,core_match,True,False
NSF_2404135,NSF,2024,AI-enabled chemistry,280000.0,USD,core_match,True,False
NSF_2404265,NSF,2024,AI-enabled chemistry,656061.0,USD,core_match,True,False
NSF_2404266,NSF,2024,AI-enabled chemistry,151584.0,USD,core_match,True,False
NSF_2404376,NSF,2024,AI-enabled chemistry,539921.0,USD,core_match,True,False
NSF_2404384,NSF,2024,AI-enabled chemistry,680000.0,USD,core_match,True,False
NSF_2404470,NSF,2024,AI-enabled chemistry,514000.0,USD,core_match,True,False
NSF_2404894,NSF,2024,AI-enabled chemistry,434004.0,USD,core_match,True,False
NSF_2405560,NSF,2024,AI-enabled chemistry,793715.0,USD,core_match,True,False
NSF_2405853,NSF,2024,AI-enabled chemistry,275000.0,USD,core_match,True,False
NSF_2406199,NSF,2024,AI-enabled chemistry,795932.0,USD,broad_match,False,True
NSF_2406200,NSF,2024,AI-enabled chemistry,354066.0,USD,broad_match,False,True
NSF_2406201,NSF,2024,AI-enabled chemistry,50000.0,USD,broad_match,False,True
NSF_2406212,NSF,2024,AI-enabled chemistry,1199991.0,USD,broad_match,False,True
NSF_2407166,NSF,2024,AI-enabled chemistry,150000.0,USD,core_match,True,False
NSF_2407300,NSF,2024,AI-enabled chemistry,510000.0,USD,core_match,True,False
NSF_2407535,NSF,2024,AI-enabled chemistry,448063.0,USD,core_match,True,False
NSF_2407565,NSF,2024,AI-enabled chemistry,531469.0,USD,broad_match,False,True
NSF_2407567,NSF,2024,AI-enabled chemistry,258736.0,USD,broad_match,False,True
NSF_2407935,NSF,2024,AI-enabled chemistry,811965.0,USD,core_match,True,False
NSF_2408009,NSF,2024,AI-enabled chemistry,426332.0,USD,broad_match,False,True
NSF_2408244,NSF,2024,AI-enabled chemistry,175476.0,USD,broad_match,False,True
NSF_2408263,NSF,2024,AI-enabled chemistry,350000.0,USD,core_match,True,False
NSF_2408693,NSF,2024,AI-enabled chemistry,493008.0,USD,core_match,True,False
NSF_2408999,NSF,2024,AI-enabled chemistry,311035.0,USD,core_match,True,False
NSF_2409105,NSF,2024,AI-enabled chemistry,274797.0,USD,core_match,True,False
NSF_2409270,NSF,2024,AI-enabled chemistry,1000000.0,USD,broad_match,False,True
NSF_2409331,NSF,2024,AI-enabled chemistry,376792.0,USD,broad_match,False,True
NSF_2409354,NSF,2024,AI-enabled chemistry,575000.0,USD,core_match,True,False
NSF_2409552,NSF,2024,AI-enabled chemistry,346256.0,USD,core_match,True,False
NSF_2409631,NSF,2024,AI-enabled chemistry,50000.0,USD,core_match,True,False
NSF_2409835,NSF,2024,AI-enabled chemistry,597417.0,USD,core_match,True,False
NSF_2410320,NSF,2024,AI-enabled chemistry,274947.0,USD,core_match,True,False
NSF_2410667,NSF,2024,AI-enabled chemistry,300162.0,USD,core_match,True,False
NSF_2410668,NSF,2024,AI-enabled chemistry,299838.0,USD,core_match,True,False
NSF_2410687,NSF,2024,AI-enabled chemistry,1000000.0,USD,broad_match,False,True
NSF_2410716,NSF,2024,AI-enabled chemistry,1000000.0,USD,core_match,True,False
NSF_2410731,NSF,2024,AI-enabled chemistry,93568.0,USD,core_match,True,False
NSF_2411154,NSF,2024,AI-enabled chemistry,335093.0,USD,core_match,True,False
NSF_2411331,NSF,2024,AI-enabled chemistry,429750.0,USD,broad_match,False,True
NSF_2411332,NSF,2024,AI-enabled chemistry,61850.0,USD,broad_match,False,True
NSF_2411333,NSF,2024,AI-enabled chemistry,623273.0,USD,broad_match,False,True
NSF_2411396,NSF,2024,AI-enabled chemistry,249999.0,USD,core_match,True,False
NSF_2412550,NSF,2024,AI-enabled chemistry,299110.0,USD,core_match,True,False
NSF_2412551,NSF,2024,AI-enabled chemistry,300000.0,USD,core_match,True,False
NSF_2412582,NSF,2024,AI-enabled chemistry,450000.0,USD,core_match,True,False
NSF_2412638,NSF,2024,AI-enabled chemistry,587494.0,USD,core_match,True,False
NSF_2412662,NSF,2024,AI-enabled chemistry,360000.0,USD,core_match,True,False
NSF_2412782,NSF,2024,AI-enabled chemistry,600000.0,USD,broad_match,False,True
NSF_2412804,NSF,2024,AI-enabled chemistry,600000.0,USD,core_match,True,False
NSF_2412897,NSF,2024,AI-enabled chemistry,359790.0,USD,core_match,True,False
NSF_2413041,NSF,2024,AI-enabled chemistry,768681.0,USD,broad_match,False,True
NSF_2413195,NSF,2024,AI-enabled chemistry,450000.0,USD,core_match,True,False
NSF_2413573,NSF,2024,AI-enabled chemistry,463693.0,USD,broad_match,False,True
NSF_2413579,NSF,2024,AI-enabled chemistry,421114.0,USD,core_match,True,False
NSF_2414683,NSF,2024,AI-enabled chemistry,578793.0,USD,core_match,True,False
NSF_2415032,NSF,2024,AI-enabled chemistry,399432.0,USD,core_match,True,False
NSF_2415226,NSF,2024,AI-enabled chemistry,200000.0,USD,core_match,True,False
NSF_2415227,NSF,2024,AI-enabled chemistry,200000.0,USD,core_match,True,False
NSF_2415314,NSF,2024,AI-enabled chemistry,275000.0,USD,core_match,True,False
NSF_2415445,NSF,2024,AI-enabled chemistry,400000.0,USD,core_match,True,False
NSF_2416344,NSF,2024,AI-enabled chemistry,525070.0,USD,core_match,True,False
NSF_2416911,NSF,2024,AI-enabled chemistry,5630000.0,USD,core_match,True,False
NSF_2417921,NSF,2024,AI-enabled chemistry,250000.0,USD,core_match,True,False
NSF_2418230,NSF,2024,AI-enabled chemistry,2100101.0,USD,core_match,True,False
NSF_2418231,NSF,2024,AI-enabled chemistry,1949914.0,USD,core_match,True,False
NSF_2418232,NSF,2024,AI-enabled chemistry,1949982.0,USD,core_match,True,False
NSF_2418390,NSF,2024,AI-enabled chemistry,6000000.0,USD,core_match,True,False
NSF_2418411,NSF,2024,AI-enabled chemistry,1105000.0,USD,core_match,True,False
NSF_2418649,NSF,2024,AI-enabled chemistry,50000.0,USD,broad_match,False,True
NSF_2418928,NSF,2024,AI-enabled chemistry,248461.0,USD,broad_match,False,True
NSF_2419109,NSF,2024,AI-enabled chemistry,420000.0,USD,core_match,True,False
NSF_2419731,NSF,2024,AI-enabled chemistry,99999.0,USD,core_match,True,False
NSF_2420490,NSF,2024,AI-enabled chemistry,1800000.0,USD,core_match,True,False
NSF_2420536,NSF,2024,AI-enabled chemistry,1800000.0,USD,core_match,True,False
NSF_2420839,NSF,2024,AI-enabled chemistry,602669.0,USD,core_match,True,False
NSF_2421936,NSF,2024,AI-enabled chemistry,99500.0,USD,core_match,True,False
NSF_2421937,NSF,2024,AI-enabled chemistry,191614.0,USD,core_match,True,False
NSF_2421938,NSF,2024,AI-enabled chemistry,199998.0,USD,core_match,True,False
NSF_2421967,NSF,2024,AI-enabled chemistry,323890.0,USD,core_match,True,False
NSF_2421968,NSF,2024,AI-enabled chemistry,251110.0,USD,core_match,True,False
NSF_2422658,NSF,2024,AI-enabled chemistry,616537.0,USD,core_match,True,False
NSF_2422927,NSF,2024,AI-enabled chemistry,337663.0,USD,core_match,True,False
NSF_2423337,NSF,2024,AI-enabled chemistry,275000.0,USD,core_match,True,False
NSF_2423538,NSF,2024,AI-enabled chemistry,275000.0,USD,core_match,True,False
NSF_2424949,NSF,2024,AI-enabled chemistry,4200000.0,USD,core_match,True,False
NSF_2425655,NSF,2024,AI-enabled chemistry,1715924.0,USD,core_match,True,False
NSF_2425760,NSF,2024,AI-enabled chemistry,399162.0,USD,core_match,True,False
NSF_2425761,NSF,2024,AI-enabled chemistry,300000.0,USD,core_match,True,False
NSF_2425801,NSF,2024,AI-enabled chemistry,1349630.0,USD,core_match,True,False
NSF_2426275,NSF,2024,AI-enabled chemistry,407556.0,USD,core_match,True,False
NSF_2426604,NSF,2024,AI-enabled chemistry,73500.0,USD,core_match,True,False
NSF_2426622,NSF,2024,AI-enabled chemistry,339482.0,USD,core_match,True,False
NSF_2427094,NSF,2024,AI-enabled chemistry,108007.0,USD,core_match,True,False
NSF_2427937,NSF,2024,AI-enabled chemistry,12600.0,USD,core_match,True,False
NSF_2428523,NSF,2024,AI-enabled chemistry,1800000.0,USD,core_match,True,False
NSF_2428524,NSF,2024,AI-enabled chemistry,900000.0,USD,core_match,True,False
NSF_2430236,NSF,2024,AI-enabled chemistry,630000.0,USD,core_match,True,False
NSF_2430270,NSF,2024,AI-enabled chemistry,700000.0,USD,core_match,True,False
NSF_2430291,NSF,2024,AI-enabled chemistry,628773.0,USD,core_match,True,False
NSF_2430617,NSF,2024,AI-enabled chemistry,550000.0,USD,core_match,True,False
NSF_2432024,NSF,2024,AI-enabled chemistry,37500.0,USD,core_match,True,False
NSF_2435093,NSF,2024,AI-enabled chemistry,400000.0,USD,core_match,True,False
NSF_2435395,NSF,2024,AI-enabled chemistry,600000.0,USD,broad_match,False,True
NSF_2435472,NSF,2024,AI-enabled chemistry,300000.0,USD,core_match,True,False
NSF_2435622,NSF,2024,AI-enabled chemistry,2264054.0,USD,core_match,True,False
NSF_2435747,NSF,2024,AI-enabled chemistry,189811.0,USD,core_match,True,False
NSF_2435987,NSF,2024,AI-enabled chemistry,6999491.0,USD,broad_match,False,True
NSF_2437134,NSF,2024,AI-enabled chemistry,526873.0,USD,core_match,True,False
NSF_2437244,NSF,2024,AI-enabled chemistry,50000.0,USD,core_match,True,False
NSF_2438306,NSF,2024,AI-enabled chemistry,625000.0,USD,core_match,True,False
NSF_2438595,NSF,2024,AI-enabled chemistry,364812.0,USD,core_match,True,False
NSF_2440194,NSF,2024,AI-enabled chemistry,94479.0,USD,core_match,True,False
NSF_2444713,NSF,2024,AI-enabled chemistry,450000.0,USD,core_match,True,False
NSF_2448130,NSF,2024,AI-enabled chemistry,227460.0,USD,core_match,True,False
NSF_2449906,NSF,2024,AI-enabled chemistry,1969709.0,USD,core_match,True,False
NSF_2450841,NSF,2024,AI-enabled chemistry,599293.0,USD,broad_match,False,True
NSF_2503230,NSF,2024,AI-enabled chemistry,2000000.0,USD,broad_match,False,True
NSF_2508169,NSF,2024,AI-enabled chemistry,650787.0,USD,core_match,True,False
NSF_2514612,NSF,2024,AI-enabled chemistry,175000.0,USD,broad_match,False,True
NSF_2517825,NSF,2024,AI-enabled chemistry,730629.0,USD,core_match,True,False
NSF_2526504,NSF,2024,AI-enabled chemistry,590211.0,USD,core_match,True,False
NSF_2528657,NSF,2024,AI-enabled chemistry,328435.0,USD,core_match,True,False
NSF_2534241,NSF,2024,AI-enabled chemistry,300000.0,USD,core_match,True,False
NSF_2401948,NSF,2025,AI-enabled chemistry,896186.0,USD,core_match,True,False
NSF_2408229,NSF,2025,AI-enabled chemistry,397299.0,USD,core_match,True,False
NSF_2408745,NSF,2025,AI-enabled chemistry,749992.0,USD,core_match,True,False
NSF_2413575,NSF,2025,AI-enabled chemistry,479716.0,USD,core_match,True,False
NSF_2417292,NSF,2025,AI-enabled chemistry,166515.0,USD,core_match,True,False
NSF_2417293,NSF,2025,AI-enabled chemistry,133485.0,USD,core_match,True,False
NSF_2418754,NSF,2025,AI-enabled chemistry,270411.0,USD,core_match,True,False
NSF_2418755,NSF,2025,AI-enabled chemistry,229589.0,USD,core_match,True,False
NSF_2419653,NSF,2025,AI-enabled chemistry,396000.0,USD,core_match,True,False
NSF_2422595,NSF,2025,AI-enabled chemistry,91746.0,USD,core_match,True,False
NSF_2422596,NSF,2025,AI-enabled chemistry,22387.0,USD,core_match,True,False
NSF_2422597,NSF,2025,AI-enabled chemistry,16528.0,USD,core_match,True,False
NSF_2423382,NSF,2025,AI-enabled chemistry,274932.0,USD,core_match,True,False
NSF_2424808,NSF,2025,AI-enabled chemistry,2000000.0,USD,core_match,True,False
NSF_2428775,NSF,2025,AI-enabled chemistry,213433.0,USD,broad_match,False,True
NSF_2429078,NSF,2025,AI-enabled chemistry,228723.0,USD,broad_match,False,True
NSF_2429516,NSF,2025,AI-enabled chemistry,557158.0,USD,core_match,True,False
NSF_2429752,NSF,2025,AI-enabled chemistry,299977.0,USD,core_match,True,False
NSF_2430292,NSF,2025,AI-enabled chemistry,568008.0,USD,core_match,True,False
NSF_2430716,NSF,2025,AI-enabled chemistry,285435.0,USD,core_match,True,False
NSF_2430717,NSF,2025,AI-enabled chemistry,380824.0,USD,core_match,True,False
NSF_2430894,NSF,2025,AI-enabled chemistry,346593.0,USD,core_match,True,False
NSF_2431248,NSF,2025,AI-enabled chemistry,397101.0,USD,core_match,True,False
NSF_2432890,NSF,2025,AI-enabled chemistry,264736.0,USD,core_match,True,False
NSF_2433490,NSF,2025,AI-enabled chemistry,980943.0,USD,core_match,True,False
NSF_2434170,NSF,2025,AI-enabled chemistry,250000.0,USD,core_match,True,False
NSF_2434171,NSF,2025,AI-enabled chemistry,250000.0,USD,core_match,True,False
NSF_2434414,NSF,2025,AI-enabled chemistry,402712.0,USD,core_match,True,False
NSF_2434949,NSF,2025,AI-enabled chemistry,499742.0,USD,core_match,True,False
NSF_2435696,NSF,2025,AI-enabled chemistry,500000.0,USD,core_match,True,False
NSF_2435819,NSF,2025,AI-enabled chemistry,280000.0,USD,core_match,True,False
NSF_2435820,NSF,2025,AI-enabled chemistry,220000.0,USD,core_match,True,False
NSF_2435822,NSF,2025,AI-enabled chemistry,500000.0,USD,core_match,True,False
NSF_2435964,NSF,2025,AI-enabled chemistry,500000.0,USD,core_match,True,False
NSF_2437819,NSF,2025,AI-enabled chemistry,599926.0,USD,core_match,True,False
NSF_2437950,NSF,2025,AI-enabled chemistry,149906.0,USD,broad_match,False,True
NSF_2438542,NSF,2025,AI-enabled chemistry,6999999.0,USD,broad_match,False,True
NSF_2440175,NSF,2025,AI-enabled chemistry,618100.0,USD,core_match,True,False
NSF_2440312,NSF,2025,AI-enabled chemistry,549771.0,USD,broad_match,False,True
NSF_2440354,NSF,2025,AI-enabled chemistry,690000.0,USD,core_match,True,False
NSF_2440637,NSF,2025,AI-enabled chemistry,641778.0,USD,core_match,True,False
NSF_2440808,NSF,2025,AI-enabled chemistry,667308.0,USD,core_match,True,False
NSF_2440979,NSF,2025,AI-enabled chemistry,796552.0,USD,core_match,True,False
NSF_2441081,NSF,2025,AI-enabled chemistry,641448.0,USD,core_match,True,False
NSF_2441101,NSF,2025,AI-enabled chemistry,653043.0,USD,broad_match,False,True
NSF_2441184,NSF,2025,AI-enabled chemistry,500000.0,USD,core_match,True,False
NSF_2441210,NSF,2025,AI-enabled chemistry,676280.0,USD,core_match,True,False
NSF_2441232,NSF,2025,AI-enabled chemistry,725713.0,USD,core_match,True,False
NSF_2441297,NSF,2025,AI-enabled chemistry,699487.0,USD,core_match,True,False
NSF_2441420,NSF,2025,AI-enabled chemistry,540025.0,USD,core_match,True,False
NSF_2441526,NSF,2025,AI-enabled chemistry,803495.0,USD,core_match,True,False
NSF_2441535,NSF,2025,AI-enabled chemistry,848732.0,USD,core_match,True,False
NSF_2441687,NSF,2025,AI-enabled chemistry,660000.0,USD,core_match,True,False
NSF_2442063,NSF,2025,AI-enabled chemistry,773200.0,USD,core_match,True,False
NSF_2442091,NSF,2025,AI-enabled chemistry,675000.0,USD,core_match,True,False
NSF_2442097,NSF,2025,AI-enabled chemistry,650000.0,USD,core_match,True,False
NSF_2442214,NSF,2025,AI-enabled chemistry,550000.0,USD,core_match,True,False
NSF_2442223,NSF,2025,AI-enabled chemistry,635530.0,USD,core_match,True,False
NSF_2442297,NSF,2025,AI-enabled chemistry,501760.0,USD,core_match,True,False
NSF_2442433,NSF,2025,AI-enabled chemistry,1008022.0,USD,broad_match,False,True
NSF_2442713,NSF,2025,AI-enabled chemistry,550000.0,USD,broad_match,False,True
NSF_2442768,NSF,2025,AI-enabled chemistry,613029.0,USD,core_match,True,False
NSF_2442804,NSF,2025,AI-enabled chemistry,799246.0,USD,core_match,True,False
NSF_2442806,NSF,2025,AI-enabled chemistry,500000.0,USD,core_match,True,False
NSF_2443001,NSF,2025,AI-enabled chemistry,500000.0,USD,core_match,True,False
NSF_2443045,NSF,2025,AI-enabled chemistry,650000.0,USD,core_match,True,False
NSF_2443257,NSF,2025,AI-enabled chemistry,612271.0,USD,core_match,True,False
NSF_2443528,NSF,2025,AI-enabled chemistry,400001.0,USD,core_match,True,False
NSF_2443823,NSF,2025,AI-enabled chemistry,400000.0,USD,core_match,True,False
NSF_2443952,NSF,2025,AI-enabled chemistry,625000.0,USD,core_match,True,False
NSF_2444522,NSF,2025,AI-enabled chemistry,347910.0,USD,core_match,True,False
NSF_2445516,NSF,2025,AI-enabled chemistry,387231.0,USD,core_match,True,False
NSF_2445840,NSF,2025,AI-enabled chemistry,198529.0,USD,core_match,True,False
NSF_2445868,NSF,2025,AI-enabled chemistry,19800000.0,USD,core_match,True,False
NSF_2446143,NSF,2025,AI-enabled chemistry,389000.0,USD,core_match,True,False
NSF_2446145,NSF,2025,AI-enabled chemistry,93999.0,USD,core_match,True,False
NSF_2446177,NSF,2025,AI-enabled chemistry,6050089.0,USD,core_match,True,False
NSF_2446178,NSF,2025,AI-enabled chemistry,949441.0,USD,core_match,True,False
NSF_2446835,NSF,2025,AI-enabled chemistry,455391.0,USD,core_match,True,False
NSF_2447179,NSF,2025,AI-enabled chemistry,455019.0,USD,core_match,True,False
NSF_2447180,NSF,2025,AI-enabled chemistry,28726.0,USD,core_match,True,False
NSF_2447466,NSF,2025,AI-enabled chemistry,452506.0,USD,core_match,True,False
NSF_2447577,NSF,2025,AI-enabled chemistry,464617.0,USD,broad_match,False,True
NSF_2447779,NSF,2025,AI-enabled chemistry,459810.0,USD,core_match,True,False
NSF_2447861,NSF,2025,AI-enabled chemistry,464721.0,USD,core_match,True,False
NSF_2447887,NSF,2025,AI-enabled chemistry,415005.0,USD,core_match,True,False
NSF_2448290,NSF,2025,AI-enabled chemistry,403697.0,USD,broad_match,False,True
NSF_2448350,NSF,2025,AI-enabled chemistry,749547.0,USD,core_match,True,False
NSF_2448652,NSF,2025,AI-enabled chemistry,400000.0,USD,core_match,True,False
NSF_2448807,NSF,2025,AI-enabled chemistry,299300.0,USD,core_match,True,False
NSF_2448848,NSF,2025,AI-enabled chemistry,6027980.0,USD,core_match,True,False
NSF_2449178,NSF,2025,AI-enabled chemistry,50000.0,USD,core_match,True,False
NSF_2449220,NSF,2025,AI-enabled chemistry,300000.0,USD,core_match,True,False
NSF_2449329,NSF,2025,AI-enabled chemistry,245996.0,USD,core_match,True,False
NSF_2449371,NSF,2025,AI-enabled chemistry,50000.0,USD,broad_match,False,True
NSF_2449564,NSF,2025,AI-enabled chemistry,598414.0,USD,core_match,True,False
NSF_2450052,NSF,2025,AI-enabled chemistry,197129.0,USD,core_match,True,False
NSF_2450913,NSF,2025,AI-enabled chemistry,1236522.0,USD,core_match,True,False
NSF_2451423,NSF,2025,AI-enabled chemistry,174953.0,USD,core_match,True,False
NSF_2452444,NSF,2025,AI-enabled chemistry,298686.0,USD,core_match,True,False
NSF_2452445,NSF,2025,AI-enabled chemistry,276385.0,USD,core_match,True,False
NSF_2452446,NSF,2025,AI-enabled chemistry,300000.0,USD,core_match,True,False
NSF_2452530,NSF,2025,AI-enabled chemistry,4999978.0,USD,broad_match,False,True
NSF_2452595,NSF,2025,AI-enabled chemistry,487125.0,USD,core_match,True,False
NSF_2452596,NSF,2025,AI-enabled chemistry,5000000.0,USD,broad_match,False,True
NSF_2452698,NSF,2025,AI-enabled chemistry,7592157.0,USD,broad_match,False,True
NSF_2452790,NSF,2025,AI-enabled chemistry,600000.0,USD,core_match,True,False
NSF_2453121,NSF,2025,AI-enabled chemistry,204069.0,USD,core_match,True,False
NSF_2453221,NSF,2025,AI-enabled chemistry,600000.0,USD,core_match,True,False
NSF_2453574,NSF,2025,AI-enabled chemistry,591217.0,USD,core_match,True,False
NSF_2453602,NSF,2025,AI-enabled chemistry,497936.0,USD,core_match,True,False
NSF_2453663,NSF,2025,AI-enabled chemistry,7786412.0,USD,core_match,True,False
NSF_2453709,NSF,2025,AI-enabled chemistry,325000.0,USD,core_match,True,False
NSF_2453710,NSF,2025,AI-enabled chemistry,325000.0,USD,core_match,True,False
NSF_2453727,NSF,2025,AI-enabled chemistry,325000.0,USD,core_match,True,False
NSF_2453734,NSF,2025,AI-enabled chemistry,725000.0,USD,core_match,True,False
NSF_2454065,NSF,2025,AI-enabled chemistry,459803.0,USD,core_match,True,False
NSF_2454066,NSF,2025,AI-enabled chemistry,292970.0,USD,core_match,True,False
NSF_2454067,NSF,2025,AI-enabled chemistry,43078.0,USD,core_match,True,False
NSF_2454071,NSF,2025,AI-enabled chemistry,649997.0,USD,core_match,True,False
NSF_2454140,NSF,2025,AI-enabled chemistry,549996.0,USD,core_match,True,False
NSF_2500124,NSF,2025,AI-enabled chemistry,300000.0,USD,core_match,True,False
NSF_2500486,NSF,2025,AI-enabled chemistry,1590000.0,USD,core_match,True,False
NSF_2501382,NSF,2025,AI-enabled chemistry,50000.0,USD,core_match,True,False
NSF_2502757,NSF,2025,AI-enabled chemistry,556994.0,USD,broad_match,False,True
NSF_2502793,NSF,2025,AI-enabled chemistry,300000.0,USD,core_match,True,False
NSF_2502803,NSF,2025,AI-enabled chemistry,50000.0,USD,core_match,True,False
NSF_2502893,NSF,2025,AI-enabled chemistry,500000.0,USD,core_match,True,False
NSF_2503010,NSF,2025,AI-enabled chemistry,750000.0,USD,core_match,True,False
NSF_2503018,NSF,2025,AI-enabled chemistry,465000.0,USD,core_match,True,False
NSF_2503140,NSF,2025,AI-enabled chemistry,699948.0,USD,broad_match,False,True
NSF_2503350,NSF,2025,AI-enabled chemistry,620209.0,USD,core_match,True,False
NSF_2503457,NSF,2025,AI-enabled chemistry,300000.0,USD,core_match,True,False
NSF_2503496,NSF,2025,AI-enabled chemistry,300000.0,USD,core_match,True,False
NSF_2503537,NSF,2025,AI-enabled chemistry,300000.0,USD,core_match,True,False
NSF_2503773,NSF,2025,AI-enabled chemistry,19800000.0,USD,core_match,True,False
NSF_2503885,NSF,2025,AI-enabled chemistry,18000000.0,USD,core_match,True,False
NSF_2503933,NSF,2025,AI-enabled chemistry,19800000.0,USD,core_match,True,False
NSF_2504153,NSF,2025,AI-enabled chemistry,596090.0,USD,core_match,True,False
NSF_2504591,NSF,2025,AI-enabled chemistry,299921.0,USD,core_match,True,False
NSF_2504592,NSF,2025,AI-enabled chemistry,300000.0,USD,core_match,True,False
NSF_2505129,NSF,2025,AI-enabled chemistry,600000.0,USD,core_match,True,False
NSF_2505193,NSF,2025,AI-enabled chemistry,294605.0,USD,core_match,True,False
NSF_2505194,NSF,2025,AI-enabled chemistry,323702.0,USD,core_match,True,False
NSF_2505283,NSF,2025,AI-enabled chemistry,500000.0,USD,core_match,True,False
NSF_2505289,NSF,2025,AI-enabled chemistry,450000.0,USD,core_match,True,False
NSF_2505342,NSF,2025,AI-enabled chemistry,11251.0,USD,core_match,True,False
NSF_2505343,NSF,2025,AI-enabled chemistry,11251.0,USD,core_match,True,False
NSF_2505706,NSF,2025,AI-enabled chemistry,570071.0,USD,core_match,True,False
NSF_2505780,NSF,2025,AI-enabled chemistry,600000.0,USD,core_match,True,False
NSF_2505904,NSF,2025,AI-enabled chemistry,500645.0,USD,core_match,True,False
NSF_2505924,NSF,2025,AI-enabled chemistry,358040.0,USD,broad_match,False,True
NSF_2505932,NSF,2025,AI-enabled chemistry,15000000.0,USD,core_match,True,False
NSF_2505978,NSF,2025,AI-enabled chemistry,442515.0,USD,core_match,True,False
NSF_2506448,NSF,2025,AI-enabled chemistry,500000.0,USD,core_match,True,False
NSF_2507523,NSF,2025,AI-enabled chemistry,350000.0,USD,core_match,True,False
NSF_2507556,NSF,2025,AI-enabled chemistry,305000.0,USD,broad_match,False,True
NSF_2508545,NSF,2025,AI-enabled chemistry,239999.0,USD,core_match,True,False
NSF_2508659,NSF,2025,AI-enabled chemistry,30000.0,USD,core_match,True,False
NSF_2509549,NSF,2025,AI-enabled chemistry,462120.0,USD,broad_match,False,True
NSF_2510020,NSF,2025,AI-enabled chemistry,3848048.0,USD,core_match,True,False
NSF_2510274,NSF,2025,AI-enabled chemistry,2000000.0,USD,core_match,True,False
NSF_2510430,NSF,2025,AI-enabled chemistry,397073.0,USD,broad_match,False,True
NSF_2510547,NSF,2025,AI-enabled chemistry,2999865.0,USD,core_match,True,False
NSF_2511507,NSF,2025,AI-enabled chemistry,394869.0,USD,broad_match,False,True
NSF_2511951,NSF,2025,AI-enabled chemistry,473249.0,USD,broad_match,False,True
NSF_2512091,NSF,2025,AI-enabled chemistry,350026.0,USD,core_match,True,False
NSF_2512119,NSF,2025,AI-enabled chemistry,310800.0,USD,broad_match,False,True
NSF_2512120,NSF,2025,AI-enabled chemistry,200000.0,USD,broad_match,False,True
NSF_2512121,NSF,2025,AI-enabled chemistry,239185.0,USD,broad_match,False,True
NSF_2512850,NSF,2025,AI-enabled chemistry,488585.0,USD,core_match,True,False
NSF_2512945,NSF,2025,AI-enabled chemistry,99999.0,USD,core_match,True,False
NSF_2512997,NSF,2025,AI-enabled chemistry,15000.0,USD,core_match,True,False
NSF_2513015,NSF,2025,AI-enabled chemistry,50000.0,USD,core_match,True,False
NSF_2513133,NSF,2025,AI-enabled chemistry,583379.0,USD,core_match,True,False
NSF_2513234,NSF,2025,AI-enabled chemistry,285669.0,USD,core_match,True,False
NSF_2513268,NSF,2025,AI-enabled chemistry,344349.0,USD,core_match,True,False
NSF_2513354,NSF,2025,AI-enabled chemistry,395414.0,USD,broad_match,False,True
NSF_2513394,NSF,2025,AI-enabled chemistry,450000.0,USD,core_match,True,False
NSF_2513431,NSF,2025,AI-enabled chemistry,380000.0,USD,core_match,True,False
NSF_2513432,NSF,2025,AI-enabled chemistry,219933.0,USD,core_match,True,False
NSF_2513473,NSF,2025,AI-enabled chemistry,680000.0,USD,core_match,True,False
NSF_2513474,NSF,2025,AI-enabled chemistry,1360000.0,USD,core_match,True,False
NSF_2513475,NSF,2025,AI-enabled chemistry,680000.0,USD,core_match,True,False
NSF_2513476,NSF,2025,AI-enabled chemistry,680000.0,USD,core_match,True,False
NSF_2513757,NSF,2025,AI-enabled chemistry,3000000.0,USD,core_match,True,False
NSF_2514002,NSF,2025,AI-enabled chemistry,589062.0,USD,core_match,True,False
NSF_2514731,NSF,2025,AI-enabled chemistry,7500000.0,USD,core_match,True,False
NSF_2514823,NSF,2025,AI-enabled chemistry,762583.0,USD,core_match,True,False
NSF_2514864,NSF,2025,AI-enabled chemistry,299972.0,USD,broad_match,False,True
NSF_2515049,NSF,2025,AI-enabled chemistry,330000.0,USD,core_match,True,False
NSF_2515411,NSF,2025,AI-enabled chemistry,1999997.0,USD,core_match,True,False
NSF_2515639,NSF,2025,AI-enabled chemistry,600000.0,USD,core_match,True,False
NSF_2515694,NSF,2025,AI-enabled chemistry,1200000.0,USD,core_match,True,False
NSF_2515799,NSF,2025,AI-enabled chemistry,1200000.0,USD,core_match,True,False
NSF_2515880,NSF,2025,AI-enabled chemistry,119999.0,USD,core_match,True,False
NSF_2516130,NSF,2025,AI-enabled chemistry,2771637.0,USD,broad_match,False,True
NSF_2516176,NSF,2025,AI-enabled chemistry,330890.0,USD,core_match,True,False
NSF_2516177,NSF,2025,AI-enabled chemistry,376661.0,USD,core_match,True,False
NSF_2516178,NSF,2025,AI-enabled chemistry,329412.0,USD,core_match,True,False
NSF_2516331,NSF,2025,AI-enabled chemistry,118941.0,USD,broad_match,False,True
NSF_2516332,NSF,2025,AI-enabled chemistry,30580.0,USD,broad_match,False,True
NSF_2516364,NSF,2025,AI-enabled chemistry,570000.0,USD,core_match,True,False
NSF_2516515,NSF,2025,AI-enabled chemistry,372649.0,USD,core_match,True,False
NSF_2517098,NSF,2025,AI-enabled chemistry,460000.0,USD,broad_match,False,True
NSF_2517099,NSF,2025,AI-enabled chemistry,320000.0,USD,broad_match,False,True
NSF_2517458,NSF,2025,AI-enabled chemistry,580000.0,USD,core_match,True,False
NSF_2517773,NSF,2025,AI-enabled chemistry,398804.0,USD,core_match,True,False
NSF_2517826,NSF,2025,AI-enabled chemistry,750000.0,USD,core_match,True,False
NSF_2517827,NSF,2025,AI-enabled chemistry,1250000.0,USD,core_match,True,False
NSF_2518273,NSF,2025,AI-enabled chemistry,300000.0,USD,core_match,True,False
NSF_2518566,NSF,2025,AI-enabled chemistry,50000.0,USD,core_match,True,False
NSF_2518732,NSF,2025,AI-enabled chemistry,318485.0,USD,core_match,True,False
NSF_2518733,NSF,2025,AI-enabled chemistry,81266.0,USD,core_match,True,False
NSF_2518952,NSF,2025,AI-enabled chemistry,200000.0,USD,core_match,True,False
NSF_2519340,NSF,2025,AI-enabled chemistry,2000000.0,USD,core_match,True,False
NSF_2519437,NSF,2025,AI-enabled chemistry,1800000.0,USD,core_match,True,False
NSF_2519438,NSF,2025,AI-enabled chemistry,200000.0,USD,core_match,True,False
NSF_2519465,NSF,2025,AI-enabled chemistry,380000.0,USD,core_match,True,False
NSF_2519466,NSF,2025,AI-enabled chemistry,310000.0,USD,core_match,True,False
NSF_2519467,NSF,2025,AI-enabled chemistry,310000.0,USD,core_match,True,False
NSF_2519576,NSF,2025,AI-enabled chemistry,804308.0,USD,core_match,True,False
NSF_2519577,NSF,2025,AI-enabled chemistry,588903.0,USD,core_match,True,False
NSF_2519886,NSF,2025,AI-enabled chemistry,500000.0,USD,core_match,True,False
NSF_2520978,NSF,2025,AI-enabled chemistry,300000.0,USD,core_match,True,False
NSF_2521392,NSF,2025,AI-enabled chemistry,2500000.0,USD,core_match,True,False
NSF_2521393,NSF,2025,AI-enabled chemistry,2000000.0,USD,core_match,True,False
NSF_2521394,NSF,2025,AI-enabled chemistry,1500000.0,USD,core_match,True,False
NSF_2521468,NSF,2025,AI-enabled chemistry,374060.0,USD,core_match,True,False
NSF_2521469,NSF,2025,AI-enabled chemistry,280939.0,USD,core_match,True,False
NSF_2522003,NSF,2025,AI-enabled chemistry,1000000.0,USD,core_match,True,False
NSF_2522004,NSF,2025,AI-enabled chemistry,500000.0,USD,core_match,True,False
NSF_2522005,NSF,2025,AI-enabled chemistry,500000.0,USD,core_match,True,False
NSF_2522042,NSF,2025,AI-enabled chemistry,1249394.0,USD,broad_match,False,True
NSF_2522293,NSF,2025,AI-enabled chemistry,902786.0,USD,core_match,True,False
NSF_2522294,NSF,2025,AI-enabled chemistry,470614.0,USD,core_match,True,False
NSF_2522295,NSF,2025,AI-enabled chemistry,429646.0,USD,core_match,True,False
NSF_2522383,NSF,2025,AI-enabled chemistry,1000000.0,USD,core_match,True,False
NSF_2522384,NSF,2025,AI-enabled chemistry,1000000.0,USD,core_match,True,False
NSF_2522459,NSF,2025,AI-enabled chemistry,666667.0,USD,core_match,True,False
NSF_2522460,NSF,2025,AI-enabled chemistry,665897.0,USD,core_match,True,False
NSF_2522461,NSF,2025,AI-enabled chemistry,667000.0,USD,core_match,True,False
NSF_2522585,NSF,2025,AI-enabled chemistry,412542.0,USD,core_match,True,False
NSF_2522586,NSF,2025,AI-enabled chemistry,1587440.0,USD,core_match,True,False
NSF_2522611,NSF,2025,AI-enabled chemistry,1500000.0,USD,core_match,True,False
NSF_2522612,NSF,2025,AI-enabled chemistry,500000.0,USD,core_match,True,False
NSF_2522613,NSF,2025,AI-enabled chemistry,893710.0,USD,core_match,True,False
NSF_2522614,NSF,2025,AI-enabled chemistry,793931.0,USD,core_match,True,False
NSF_2522615,NSF,2025,AI-enabled chemistry,312359.0,USD,core_match,True,False
NSF_2522667,NSF,2025,AI-enabled chemistry,540000.0,USD,broad_match,False,True
NSF_2522668,NSF,2025,AI-enabled chemistry,480000.0,USD,broad_match,False,True
NSF_2522669,NSF,2025,AI-enabled chemistry,980000.0,USD,broad_match,False,True
NSF_2522686,NSF,2025,AI-enabled chemistry,1550000.0,USD,core_match,True,False
NSF_2522687,NSF,2025,AI-enabled chemistry,450000.0,USD,core_match,True,False
NSF_2522768,NSF,2025,AI-enabled chemistry,920000.0,USD,core_match,True,False
NSF_2522769,NSF,2025,AI-enabled chemistry,600000.0,USD,core_match,True,False
NSF_2522770,NSF,2025,AI-enabled chemistry,480000.0,USD,core_match,True,False
NSF_2522792,NSF,2025,AI-enabled chemistry,2000000.0,USD,core_match,True,False
NSF_2523217,NSF,2025,AI-enabled chemistry,2000000.0,USD,core_match,True,False
NSF_2523241,NSF,2025,AI-enabled chemistry,719591.0,USD,core_match,True,False
NSF_2523242,NSF,2025,AI-enabled chemistry,640000.0,USD,core_match,True,False
NSF_2523243,NSF,2025,AI-enabled chemistry,640000.0,USD,core_match,True,False
NSF_2523281,NSF,2025,AI-enabled chemistry,1640000.0,USD,core_match,True,False
NSF_2523282,NSF,2025,AI-enabled chemistry,350000.0,USD,core_match,True,False
NSF_2523284,NSF,2025,AI-enabled chemistry,300776.0,USD,core_match,True,False
NSF_2523285,NSF,2025,AI-enabled chemistry,330000.0,USD,core_match,True,False
NSF_2523576,NSF,2025,AI-enabled chemistry,50000.0,USD,broad_match,False,True
NSF_2523851,NSF,2025,AI-enabled chemistry,139425.0,USD,core_match,True,False
NSF_2523852,NSF,2025,AI-enabled chemistry,60000.0,USD,core_match,True,False
NSF_2524334,NSF,2025,AI-enabled chemistry,152004.0,USD,core_match,True,False
NSF_2524617,NSF,2025,AI-enabled chemistry,50000.0,USD,core_match,True,False
NSF_2525533,NSF,2025,AI-enabled chemistry,620000.0,USD,core_match,True,False
NSF_2526204,NSF,2025,AI-enabled chemistry,873634.0,USD,core_match,True,False
NSF_2526205,NSF,2025,AI-enabled chemistry,101178.0,USD,core_match,True,False
NSF_2526400,NSF,2025,AI-enabled chemistry,350000.0,USD,core_match,True,False
NSF_2527077,NSF,2025,AI-enabled chemistry,1998226.0,USD,core_match,True,False
NSF_2527163,NSF,2025,AI-enabled chemistry,335959.0,USD,core_match,True,False
NSF_2527164,NSF,2025,AI-enabled chemistry,335956.0,USD,core_match,True,False
NSF_2527485,NSF,2025,AI-enabled chemistry,849969.0,USD,core_match,True,False
NSF_2527550,NSF,2025,AI-enabled chemistry,1595353.0,USD,core_match,True,False
NSF_2527657,NSF,2025,AI-enabled chemistry,353357.0,USD,core_match,True,False
NSF_2527684,NSF,2025,AI-enabled chemistry,651110.0,USD,core_match,True,False
NSF_2528156,NSF,2025,AI-enabled chemistry,1241749.0,USD,core_match,True,False
NSF_2528383,NSF,2025,AI-enabled chemistry,924000.0,USD,core_match,True,False
NSF_2528384,NSF,2025,AI-enabled chemistry,426000.0,USD,core_match,True,False
NSF_2528472,NSF,2025,AI-enabled chemistry,50000.0,USD,core_match,True,False
NSF_2528812,NSF,2025,AI-enabled chemistry,48689.0,USD,broad_match,False,True
NSF_2528902,NSF,2025,AI-enabled chemistry,787016.0,USD,core_match,True,False
NSF_2529077,NSF,2025,AI-enabled chemistry,267520.0,USD,broad_match,False,True
NSF_2529078,NSF,2025,AI-enabled chemistry,255707.0,USD,broad_match,False,True
NSF_2529107,NSF,2025,AI-enabled chemistry,249999.0,USD,core_match,True,False
NSF_2529222,NSF,2025,AI-enabled chemistry,95000.0,USD,core_match,True,False
NSF_2529581,NSF,2025,AI-enabled chemistry,489942.0,USD,core_match,True,False
NSF_2529603,NSF,2025,AI-enabled chemistry,299697.0,USD,core_match,True,False
NSF_2529672,NSF,2025,AI-enabled chemistry,429999.0,USD,broad_match,False,True
NSF_2530060,NSF,2025,AI-enabled chemistry,700000.0,USD,core_match,True,False
NSF_2530548,NSF,2025,AI-enabled chemistry,209999.0,USD,core_match,True,False
NSF_2530653,NSF,2025,AI-enabled chemistry,543185.0,USD,core_match,True,False
NSF_2531447,NSF,2025,AI-enabled chemistry,1272751.0,USD,core_match,True,False
NSF_2532016,NSF,2025,AI-enabled chemistry,22714.0,USD,core_match,True,False
NSF_2532260,NSF,2025,AI-enabled chemistry,408933.0,USD,core_match,True,False
NSF_2532261,NSF,2025,AI-enabled chemistry,201741.0,USD,core_match,True,False
NSF_2532334,NSF,2025,AI-enabled chemistry,542001.0,USD,broad_match,False,True
NSF_2532335,NSF,2025,AI-enabled chemistry,180000.0,USD,broad_match,False,True
NSF_2532344,NSF,2025,AI-enabled chemistry,702284.0,USD,core_match,True,False
NSF_2532469,NSF,2025,AI-enabled chemistry,223656.0,USD,core_match,True,False
NSF_2532612,NSF,2025,AI-enabled chemistry,249497.0,USD,core_match,True,False
NSF_2532643,NSF,2025,AI-enabled chemistry,644407.0,USD,core_match,True,False
NSF_2532916,NSF,2025,AI-enabled chemistry,249950.0,USD,core_match,True,False
NSF_2533046,NSF,2025,AI-enabled chemistry,450000.0,USD,core_match,True,False
NSF_2533380,NSF,2025,AI-enabled chemistry,449999.0,USD,core_match,True,False
NSF_2533416,NSF,2025,AI-enabled chemistry,750000.0,USD,core_match,True,False
NSF_2534280,NSF,2025,AI-enabled chemistry,50000.0,USD,core_match,True,False
NSF_2534775,NSF,2025,AI-enabled chemistry,50000.0,USD,core_match,True,False
NSF_2534947,NSF,2025,AI-enabled chemistry,599995.0,USD,core_match,True,False
NSF_2535040,NSF,2025,AI-enabled chemistry,50000.0,USD,core_match,True,False
NSF_2535176,NSF,2025,AI-enabled chemistry,400000.0,USD,core_match,True,False
NSF_2537029,NSF,2025,AI-enabled chemistry,350000.0,USD,core_match,True,False
NSF_2538372,NSF,2025,AI-enabled chemistry,289431.0,USD,core_match,True,False
NSF_2538889,NSF,2025,AI-enabled chemistry,300000.0,USD,core_match,True,False
NSF_2538963,NSF,2025,AI-enabled chemistry,346684.0,USD,core_match,True,False
NSF_2544942,NSF,2025,AI-enabled chemistry,49635.0,USD,core_match,True,False
NSF_2554343,NSF,2025,AI-enabled chemistry,625184.0,USD,core_match,True,False
NSF_2603320,NSF,2025,AI-enabled chemistry,361996.0,USD,broad_match,False,True
NSF_2603551,NSF,2025,AI-enabled chemistry,270411.0,USD,core_match,True,False
NSF_2605687,NSF,2025,AI-enabled chemistry,351750.0,USD,core_match,True,False
CORDIS_101042290,CORDIS,2022,AI-enabled materials,1492821.0,EUR,core_match,True,False
CORDIS_101043617,CORDIS,2022,AI-enabled materials,1999750.0,EUR,core_match,True,False
CORDIS_101046790,CORDIS,2022,AI-enabled materials,3229534.0,EUR,broad_match,False,True
CORDIS_101054368,CORDIS,2022,AI-enabled materials,2491836.0,EUR,core_match,True,False
CORDIS_101057673,CORDIS,2022,AI-enabled materials,4352522.0,EUR,core_match,True,False
CORDIS_101058450,CORDIS,2022,AI-enabled materials,4660536.0,EUR,core_match,True,False
CORDIS_101058547,CORDIS,2022,AI-enabled materials,4917262.5,EUR,core_match,True,False
CORDIS_101058574,CORDIS,2022,AI-enabled materials,4638414.0,EUR,broad_match,False,True
CORDIS_101058643,CORDIS,2022,AI-enabled materials,5707393.0,EUR,core_match,True,False
CORDIS_101058756,CORDIS,2022,AI-enabled materials,8358044.0,EUR,core_match,True,False
CORDIS_101064251,CORDIS,2022,AI-enabled materials,181152.96,EUR,core_match,True,False
CORDIS_101066321,CORDIS,2022,AI-enabled materials,150000.0,EUR,core_match,True,False
CORDIS_101069528,CORDIS,2022,AI-enabled materials,5289222.25,EUR,core_match,True,False
CORDIS_101069690,CORDIS,2022,AI-enabled materials,3125714.75,EUR,core_match,True,False
CORDIS_101069712,CORDIS,2022,AI-enabled materials,6976599.0,EUR,core_match,True,False
CORDIS_101069890,CORDIS,2022,AI-enabled materials,9283175.0,EUR,broad_match,False,True
CORDIS_101086667,CORDIS,2022,AI-enabled materials,2500000.0,EUR,core_match,True,False
CORDIS_101091687,CORDIS,2022,AI-enabled materials,4700233.5,EUR,core_match,True,False
CORDIS_101042844,CORDIS,2023,AI-enabled materials,1999958.0,EUR,core_match,True,False
CORDIS_101044772,CORDIS,2023,AI-enabled materials,1999073.39,EUR,core_match,True,False
CORDIS_101060066,CORDIS,2023,AI-enabled materials,14942500.0,EUR,broad_match,False,True
CORDIS_101065121,CORDIS,2023,AI-enabled materials,211754.88,EUR,broad_match,False,True
CORDIS_101066262,CORDIS,2023,AI-enabled materials,226751.04,EUR,core_match,True,False
CORDIS_101067497,CORDIS,2023,AI-enabled materials,181152.96,EUR,core_match,True,False
CORDIS_101072732,CORDIS,2023,AI-enabled materials,2062771.2,EUR,core_match,True,False
CORDIS_101073040,CORDIS,2023,AI-enabled materials,2854965.6,EUR,core_match,True,False
CORDIS_101073474,CORDIS,2023,AI-enabled materials,2528157.6,EUR,core_match,True,False
CORDIS_101077454,CORDIS,2023,AI-enabled materials,1499978.0,EUR,core_match,True,False
CORDIS_101077842,CORDIS,2023,AI-enabled materials,1474182.0,EUR,core_match,True,False
CORDIS_101084284,CORDIS,2023,AI-enabled materials,6097603.75,EUR,broad_match,False,True
CORDIS_101088587,CORDIS,2023,AI-enabled materials,2000000.0,EUR,core_match,True,False
CORDIS_101091409,CORDIS,2023,AI-enabled materials,3330616.5,EUR,broad_match,False,True
CORDIS_101091464,CORDIS,2023,AI-enabled materials,4815296.25,EUR,broad_match,False,True
CORDIS_101091496,CORDIS,2023,AI-enabled materials,4999916.0,EUR,core_match,True,False
CORDIS_101091534,CORDIS,2023,AI-enabled materials,5168000.0,EUR,core_match,True,False
CORDIS_101091621,CORDIS,2023,AI-enabled materials,5995526.25,EUR,broad_match,False,True
CORDIS_101091801,CORDIS,2023,AI-enabled materials,7645581.5,EUR,core_match,True,False
CORDIS_101091842,CORDIS,2023,AI-enabled materials,4998570.75,EUR,broad_match,False,True
CORDIS_101091912,CORDIS,2023,AI-enabled materials,5334182.5,EUR,core_match,True,False
CORDIS_101095721,CORDIS,2023,AI-enabled materials,2500000.0,EUR,core_match,True,False
CORDIS_101099125,CORDIS,2023,AI-enabled materials,3570258.75,EUR,core_match,True,False
CORDIS_101099555,CORDIS,2023,AI-enabled materials,3204941.5,EUR,core_match,True,False
CORDIS_101103681,CORDIS,2023,AI-enabled materials,3614902.5,EUR,core_match,True,False
CORDIS_101103755,CORDIS,2023,AI-enabled materials,4781008.71,EUR,broad_match,False,True
CORDIS_101104264,CORDIS,2023,AI-enabled materials,226441.2,EUR,core_match,True,False
CORDIS_101107884,CORDIS,2023,AI-enabled materials,230774.4,EUR,core_match,True,False
CORDIS_101114112,CORDIS,2023,AI-enabled materials,75000.0,EUR,broad_match,False,True
CORDIS_101115293,CORDIS,2023,AI-enabled materials,4853593.75,EUR,core_match,True,False
CORDIS_101119767,CORDIS,2023,AI-enabled materials,2643703.2,EUR,core_match,True,False
CORDIS_101122298,CORDIS,2023,AI-enabled materials,7114973.39,EUR,core_match,True,False
CORDIS_101135168,CORDIS,2023,AI-enabled materials,3967284.0,EUR,core_match,True,False
CORDIS_101135537,CORDIS,2023,AI-enabled materials,6794831.75,EUR,core_match,True,False
CORDIS_101137466,CORDIS,2023,AI-enabled materials,8370156.75,EUR,core_match,True,False
CORDIS_101138097,CORDIS,2023,AI-enabled materials,9222570.5,EUR,core_match,True,False
CORDIS_101077977,CORDIS,2024,AI-enabled materials,1499999.0,EUR,core_match,True,False
CORDIS_101106848,CORDIS,2024,AI-enabled materials,172750.08,EUR,core_match,True,False
CORDIS_101107093,CORDIS,2024,AI-enabled materials,181152.96,EUR,core_match,True,False
CORDIS_101115332,CORDIS,2024,AI-enabled materials,1496991.0,EUR,core_match,True,False
CORDIS_101116700,CORDIS,2024,AI-enabled materials,1499750.0,EUR,core_match,True,False
CORDIS_101117758,CORDIS,2024,AI-enabled materials,1500000.0,EUR,core_match,True,False
CORDIS_101118768,CORDIS,2024,AI-enabled materials,9973679.0,EUR,core_match,True,False
CORDIS_101119980,CORDIS,2024,AI-enabled materials,2474352.0,EUR,core_match,True,False
CORDIS_101120186,CORDIS,2024,AI-enabled materials,2650190.4,EUR,core_match,True,False
CORDIS_101125153,CORDIS,2024,AI-enabled materials,2579608.0,EUR,core_match,True,False
CORDIS_101125598,CORDIS,2024,AI-enabled materials,1996143.0,EUR,core_match,True,False
CORDIS_101129638,CORDIS,2024,AI-enabled materials,2664940.0,EUR,core_match,True,False
CORDIS_101129698,CORDIS,2024,AI-enabled materials,1633000.0,EUR,core_match,True,False
CORDIS_101129996,CORDIS,2024,AI-enabled materials,565800.0,EUR,core_match,True,False
CORDIS_101130095,CORDIS,2024,AI-enabled materials,7713280.99,EUR,broad_match,False,True
CORDIS_101130224,CORDIS,2024,AI-enabled materials,3438122.5,EUR,core_match,True,False
CORDIS_101130315,CORDIS,2024,AI-enabled materials,2165477.5,EUR,core_match,True,False
CORDIS_101130406,CORDIS,2024,AI-enabled materials,363400.0,EUR,broad_match,False,True
CORDIS_101130495,CORDIS,2024,AI-enabled materials,7897415.86,EUR,core_match,True,False
CORDIS_101130741,CORDIS,2024,AI-enabled materials,7093178.75,EUR,core_match,True,False
CORDIS_101131111,CORDIS,2024,AI-enabled materials,1467400.0,EUR,core_match,True,False
CORDIS_101135486,CORDIS,2024,AI-enabled materials,5405098.0,EUR,core_match,True,False
CORDIS_101137242,CORDIS,2024,AI-enabled materials,6864578.5,EUR,core_match,True,False
CORDIS_101137725,CORDIS,2024,AI-enabled materials,5106384.0,EUR,core_match,True,False
CORDIS_101138008,CORDIS,2024,AI-enabled materials,9617290.0,EUR,broad_match,False,True
CORDIS_101138397,CORDIS,2024,AI-enabled materials,5142175.0,EUR,broad_match,False,True
CORDIS_101138475,CORDIS,2024,AI-enabled materials,7498762.5,EUR,broad_match,False,True
CORDIS_101138645,CORDIS,2024,AI-enabled materials,2590163.85,EUR,core_match,True,False
CORDIS_101147457,CORDIS,2024,AI-enabled materials,4433848.75,EUR,core_match,True,False
CORDIS_101149182,CORDIS,2024,AI-enabled materials,173847.36,EUR,core_match,True,False
CORDIS_101151044,CORDIS,2024,AI-enabled materials,181152.96,EUR,core_match,True,False
CORDIS_101152844,CORDIS,2024,AI-enabled materials,230774.4,EUR,core_match,True,False
CORDIS_101152924,CORDIS,2024,AI-enabled materials,172750.08,EUR,core_match,True,False
CORDIS_101153196,CORDIS,2024,AI-enabled materials,203464.32,EUR,core_match,True,False
CORDIS_101153507,CORDIS,2024,AI-enabled materials,187624.32,EUR,core_match,True,False
CORDIS_101153909,CORDIS,2024,AI-enabled materials,183600.96,EUR,core_match,True,False
CORDIS_101155027,CORDIS,2024,AI-enabled materials,188590.08,EUR,core_match,True,False
CORDIS_101157528,CORDIS,2024,AI-enabled materials,4984163.75,EUR,core_match,True,False
CORDIS_101157840,CORDIS,2024,AI-enabled materials,5264779.0,EUR,core_match,True,False
CORDIS_101168031,CORDIS,2024,AI-enabled materials,2846592.0,EUR,core_match,True,False
CORDIS_101177368,CORDIS,2024,AI-enabled materials,6999228.37,EUR,core_match,True,False
CORDIS_101178148,CORDIS,2024,AI-enabled materials,13924216.39,EUR,core_match,True,False
CORDIS_101178484,CORDIS,2024,AI-enabled materials,5999683.75,EUR,core_match,True,False
CORDIS_101180605,CORDIS,2024,AI-enabled materials,153486.72,EUR,core_match,True,False
CORDIS_101181841,CORDIS,2024,AI-enabled materials,4493838.75,EUR,core_match,True,False
CORDIS_101187967,CORDIS,2024,AI-enabled materials,150000.0,EUR,core_match,True,False
CORDIS_101141273,CORDIS,2025,AI-enabled materials,3493788.0,EUR,core_match,True,False
CORDIS_101154946,CORDIS,2025,AI-enabled materials,203464.32,EUR,core_match,True,False
CORDIS_101162195,CORDIS,2025,AI-enabled materials,1500000.0,EUR,core_match,True,False
CORDIS_101163419,CORDIS,2025,AI-enabled materials,1488854.0,EUR,core_match,True,False
CORDIS_101164936,CORDIS,2025,AI-enabled materials,1493750.0,EUR,core_match,True,False
CORDIS_101168616,CORDIS,2025,AI-enabled materials,3975775.2,EUR,core_match,True,False
CORDIS_101169761,CORDIS,2025,AI-enabled materials,2000000.0,EUR,core_match,True,False
CORDIS_101177344,CORDIS,2025,AI-enabled materials,4997734.05,EUR,core_match,True,False
CORDIS_101177771,CORDIS,2025,AI-enabled materials,6616783.77,EUR,broad_match,False,True
CORDIS_101177877,CORDIS,2025,AI-enabled materials,8649981.64,EUR,core_match,True,False
CORDIS_101178127,CORDIS,2025,AI-enabled materials,4994822.5,EUR,core_match,True,False
CORDIS_101178389,CORDIS,2025,AI-enabled materials,7947739.76,EUR,core_match,True,False
CORDIS_101178398,CORDIS,2025,AI-enabled materials,6453740.88,EUR,core_match,True,False
CORDIS_101183049,CORDIS,2025,AI-enabled materials,588800.0,EUR,core_match,True,False
CORDIS_101192848,CORDIS,2025,AI-enabled materials,19949437.4,EUR,core_match,True,False
CORDIS_101194322,CORDIS,2025,AI-enabled materials,4860568.18,EUR,core_match,True,False
CORDIS_101199841,CORDIS,2025,AI-enabled materials,2776000.0,EUR,core_match,True,False
CORDIS_101200365,CORDIS,2025,AI-enabled materials,2404187.0,EUR,broad_match,False,True
CORDIS_101202433,CORDIS,2025,AI-enabled materials,6184114.63,EUR,core_match,True,False
CORDIS_101203243,CORDIS,2025,AI-enabled materials,200400.0,EUR,core_match,True,False
CORDIS_101203869,CORDIS,2025,AI-enabled materials,236340.0,EUR,core_match,True,False
CORDIS_101204218,CORDIS,2025,AI-enabled materials,3999335.0,EUR,core_match,True,False
CORDIS_101204820,CORDIS,2025,AI-enabled materials,194074.56,EUR,core_match,True,False
CORDIS_101205162,CORDIS,2025,AI-enabled materials,209914.56,EUR,core_match,True,False
CORDIS_101206130,CORDIS,2025,AI-enabled materials,216240.0,EUR,broad_match,False,True
CORDIS_101206469,CORDIS,2025,AI-enabled materials,194074.56,EUR,broad_match,False,True
CORDIS_101209659,CORDIS,2025,AI-enabled materials,276187.92,EUR,core_match,True,False
CORDIS_101210201,CORDIS,2025,AI-enabled materials,209483.28,EUR,broad_match,False,True
CORDIS_101210387,CORDIS,2025,AI-enabled materials,272799.92,EUR,core_match,True,False
CORDIS_101210559,CORDIS,2025,AI-enabled materials,216240.0,EUR,core_match,True,False
CORDIS_101213277,CORDIS,2025,AI-enabled materials,150000.0,EUR,core_match,True,False
CORDIS_101216535,CORDIS,2025,AI-enabled materials,1999772.5,EUR,core_match,True,False
CORDIS_101218381,CORDIS,2025,AI-enabled materials,2499455.0,EUR,core_match,True,False
CORDIS_101227458,CORDIS,2025,AI-enabled materials,3464356.68,EUR,core_match,True,False
CORDIS_101227547,CORDIS,2025,AI-enabled materials,4352496.84,EUR,core_match,True,False
CORDIS_101247959,CORDIS,2025,AI-enabled materials,2468494.24,EUR,core_match,True,False
NSF_1906383,NSF,2021,AI-enabled materials,19990000.0,USD,core_match,True,False
NSF_1946970,NSF,2021,AI-enabled materials,39723284.0,USD,core_match,True,False
NSF_2005749,NSF,2021,AI-enabled materials,670000.0,USD,core_match,True,False
NSF_2015557,NSF,2021,AI-enabled materials,380857.0,USD,broad_match,False,True
NSF_2019444,NSF,2021,AI-enabled materials,25000000.0,USD,core_match,True,False
NSF_2021803,NSF,2021,AI-enabled materials,400000.0,USD,core_match,True,False
NSF_2022254,NSF,2021,AI-enabled materials,200000.0,USD,core_match,True,False
NSF_2029266,NSF,2021,AI-enabled materials,599559.0,USD,core_match,True,False
NSF_2034856,NSF,2021,AI-enabled materials,260000.0,USD,core_match,True,False
NSF_2034871,NSF,2021,AI-enabled materials,440546.0,USD,core_match,True,False
NSF_2036490,NSF,2021,AI-enabled materials,256000.0,USD,core_match,True,False
NSF_2036514,NSF,2021,AI-enabled materials,256000.0,USD,broad_match,False,True
NSF_2036665,NSF,2021,AI-enabled materials,256000.0,USD,core_match,True,False
NSF_2036944,NSF,2021,AI-enabled materials,500000.0,USD,broad_match,False,True
NSF_2037026,NSF,2021,AI-enabled materials,9150001.0,USD,core_match,True,False
NSF_2038625,NSF,2021,AI-enabled materials,1197737.0,USD,core_match,True,False
NSF_2039351,NSF,2021,AI-enabled materials,20100000.0,USD,core_match,True,False
NSF_2039380,NSF,2021,AI-enabled materials,22500000.0,USD,core_match,True,False
NSF_2041345,NSF,2021,AI-enabled materials,299574.0,USD,core_match,True,False
NSF_2041410,NSF,2021,AI-enabled materials,427576.0,USD,core_match,True,False
NSF_2041440,NSF,2021,AI-enabled materials,413695.0,USD,core_match,True,False
NSF_2042085,NSF,2021,AI-enabled materials,378761.0,USD,broad_match,False,True
NSF_2042126,NSF,2021,AI-enabled materials,120956.0,USD,broad_match,False,True
NSF_2042498,NSF,2021,AI-enabled materials,516654.0,USD,broad_match,False,True
NSF_2043205,NSF,2021,AI-enabled materials,560702.0,USD,core_match,True,False
NSF_2043264,NSF,2021,AI-enabled materials,548543.0,USD,core_match,True,False
NSF_2044403,NSF,2021,AI-enabled materials,520936.0,USD,core_match,True,False
NSF_2044842,NSF,2021,AI-enabled materials,542813.0,USD,broad_match,False,True
NSF_2044997,NSF,2021,AI-enabled materials,581212.0,USD,core_match,True,False
NSF_2045993,NSF,2021,AI-enabled materials,651110.0,USD,core_match,True,False
NSF_2046218,NSF,2021,AI-enabled materials,500723.0,USD,core_match,True,False
NSF_2046332,NSF,2021,AI-enabled materials,562555.0,USD,core_match,True,False
NSF_2046407,NSF,2021,AI-enabled materials,500000.0,USD,core_match,True,False
NSF_2046468,NSF,2021,AI-enabled materials,500000.0,USD,core_match,True,False
NSF_2046476,NSF,2021,AI-enabled materials,539434.0,USD,core_match,True,False
NSF_2046521,NSF,2021,AI-enabled materials,430644.0,USD,core_match,True,False
NSF_2046551,NSF,2021,AI-enabled materials,689561.0,USD,core_match,True,False
NSF_2046670,NSF,2021,AI-enabled materials,519563.0,USD,core_match,True,False
NSF_2046751,NSF,2021,AI-enabled materials,592928.0,USD,core_match,True,False
NSF_2046936,NSF,2021,AI-enabled materials,500000.0,USD,broad_match,False,True
NSF_2047018,NSF,2021,AI-enabled materials,442451.0,USD,core_match,True,False
NSF_2047084,NSF,2021,AI-enabled materials,629415.0,USD,core_match,True,False
NSF_2047109,NSF,2021,AI-enabled materials,512108.0,USD,broad_match,False,True
NSF_2047587,NSF,2021,AI-enabled materials,537785.0,USD,broad_match,False,True
NSF_2047683,NSF,2021,AI-enabled materials,669748.0,USD,core_match,True,False
NSF_2047743,NSF,2021,AI-enabled materials,497036.0,USD,core_match,True,False
NSF_2048182,NSF,2021,AI-enabled materials,554576.0,USD,core_match,True,False
NSF_2050069,NSF,2021,AI-enabled materials,552745.0,USD,core_match,True,False
NSF_2050916,NSF,2021,AI-enabled materials,404776.0,USD,core_match,True,False
NSF_2052341,NSF,2021,AI-enabled materials,256000.0,USD,core_match,True,False
NSF_2052631,NSF,2021,AI-enabled materials,892000.0,USD,core_match,True,False
NSF_2052662,NSF,2021,AI-enabled materials,600000.0,USD,core_match,True,False
NSF_2052706,NSF,2021,AI-enabled materials,20000.0,USD,core_match,True,False
NSF_2052714,NSF,2021,AI-enabled materials,850000.0,USD,broad_match,False,True
NSF_2052776,NSF,2021,AI-enabled materials,900000.0,USD,core_match,True,False
NSF_2052819,NSF,2021,AI-enabled materials,191354.0,USD,core_match,True,False
NSF_2053760,NSF,2021,AI-enabled materials,2000000.0,USD,core_match,True,False
NSF_2053840,NSF,2021,AI-enabled materials,272440.0,USD,core_match,True,False
NSF_2053929,NSF,2021,AI-enabled materials,379022.0,USD,core_match,True,False
NSF_2055030,NSF,2021,AI-enabled materials,256000.0,USD,broad_match,False,True
NSF_2055442,NSF,2021,AI-enabled materials,499312.0,USD,core_match,True,False
NSF_2101829,NSF,2021,AI-enabled materials,329815.0,USD,core_match,True,False
NSF_2102093,NSF,2021,AI-enabled materials,154992.0,USD,broad_match,False,True
NSF_2102406,NSF,2021,AI-enabled materials,249997.0,USD,core_match,True,False
NSF_2102409,NSF,2021,AI-enabled materials,250000.0,USD,core_match,True,False
NSF_2102474,NSF,2021,AI-enabled materials,450000.0,USD,core_match,True,False
NSF_2102550,NSF,2021,AI-enabled materials,600000.0,USD,core_match,True,False
NSF_2102592,NSF,2021,AI-enabled materials,426990.0,USD,core_match,True,False
NSF_2102645,NSF,2021,AI-enabled materials,430000.0,USD,core_match,True,False
NSF_2103613,NSF,2021,AI-enabled materials,328435.0,USD,core_match,True,False
NSF_2103647,NSF,2021,AI-enabled materials,391499.0,USD,core_match,True,False
NSF_2103936,NSF,2021,AI-enabled materials,299926.0,USD,core_match,True,False
NSF_2104105,NSF,2021,AI-enabled materials,300068.0,USD,core_match,True,False
NSF_2104383,NSF,2021,AI-enabled materials,486358.0,USD,core_match,True,False
NSF_2104976,NSF,2021,AI-enabled materials,337310.0,USD,core_match,True,False
NSF_2105193,NSF,2021,AI-enabled materials,579303.0,USD,core_match,True,False
NSF_2105296,NSF,2021,AI-enabled materials,653464.0,USD,core_match,True,False
NSF_2105744,NSF,2021,AI-enabled materials,381000.0,USD,core_match,True,False
NSF_2106225,NSF,2021,AI-enabled materials,379543.0,USD,core_match,True,False
NSF_2106587,NSF,2021,AI-enabled materials,482153.0,USD,core_match,True,False
NSF_2107636,NSF,2021,AI-enabled materials,421080.0,USD,core_match,True,False
NSF_2110263,NSF,2021,AI-enabled materials,340000.0,USD,core_match,True,False
NSF_2110981,NSF,2021,AI-enabled materials,209958.0,USD,core_match,True,False
NSF_2112356,NSF,2021,AI-enabled materials,5000000.0,USD,core_match,True,False
NSF_2112754,NSF,2021,AI-enabled materials,354392.0,USD,core_match,True,False
NSF_2112755,NSF,2021,AI-enabled materials,296069.0,USD,core_match,True,False
NSF_2112894,NSF,2021,AI-enabled materials,301741.0,USD,broad_match,False,True
NSF_2114041,NSF,2021,AI-enabled materials,374907.0,USD,core_match,True,False
NSF_2114595,NSF,2021,AI-enabled materials,516594.0,USD,core_match,True,False
NSF_2116265,NSF,2021,AI-enabled materials,547830.0,USD,core_match,True,False
NSF_2116298,NSF,2021,AI-enabled materials,20000000.0,USD,core_match,True,False
NSF_2117429,NSF,2021,AI-enabled materials,559288.0,USD,core_match,True,False
NSF_2117449,NSF,2021,AI-enabled materials,687060.0,USD,core_match,True,False
NSF_2117523,NSF,2021,AI-enabled materials,992182.0,USD,core_match,True,False
NSF_2117530,NSF,2021,AI-enabled materials,1712082.0,USD,core_match,True,False
NSF_2117575,NSF,2021,AI-enabled materials,1099448.0,USD,broad_match,False,True
NSF_2117616,NSF,2021,AI-enabled materials,766944.0,USD,core_match,True,False
NSF_2117896,NSF,2021,AI-enabled materials,2021603.0,USD,core_match,True,False
NSF_2118172,NSF,2021,AI-enabled materials,384494.0,USD,core_match,True,False
NSF_2118181,NSF,2021,AI-enabled materials,299817.0,USD,core_match,True,False
NSF_2118197,NSF,2021,AI-enabled materials,389917.0,USD,core_match,True,False
NSF_2118206,NSF,2021,AI-enabled materials,724628.0,USD,core_match,True,False
NSF_2118393,NSF,2021,AI-enabled materials,1639367.0,USD,core_match,True,False
NSF_2118415,NSF,2021,AI-enabled materials,600000.0,USD,core_match,True,False
NSF_2118448,NSF,2021,AI-enabled materials,560000.0,USD,core_match,True,False
NSF_2118523,NSF,2021,AI-enabled materials,1040000.0,USD,core_match,True,False
NSF_2118578,NSF,2021,AI-enabled materials,1799460.0,USD,core_match,True,False
NSF_2118592,NSF,2021,AI-enabled materials,1769806.0,USD,core_match,True,False
NSF_2118638,NSF,2021,AI-enabled materials,567653.0,USD,core_match,True,False
NSF_2118678,NSF,2021,AI-enabled materials,1200000.0,USD,core_match,True,False
NSF_2118693,NSF,2021,AI-enabled materials,568044.0,USD,core_match,True,False
NSF_2118718,NSF,2021,AI-enabled materials,1799118.0,USD,core_match,True,False
NSF_2118769,NSF,2021,AI-enabled materials,360000.0,USD,core_match,True,False
NSF_2118779,NSF,2021,AI-enabled materials,450000.0,USD,broad_match,False,True
NSF_2118788,NSF,2021,AI-enabled materials,649767.0,USD,core_match,True,False
NSF_2118806,NSF,2021,AI-enabled materials,900000.0,USD,broad_match,False,True
NSF_2118808,NSF,2021,AI-enabled materials,359998.0,USD,core_match,True,False
NSF_2118828,NSF,2021,AI-enabled materials,450000.0,USD,broad_match,False,True
NSF_2118838,NSF,2021,AI-enabled materials,900000.0,USD,broad_match,False,True
NSF_2118839,NSF,2021,AI-enabled materials,450000.0,USD,broad_match,False,True
NSF_2118840,NSF,2021,AI-enabled materials,450000.0,USD,broad_match,False,True
NSF_2118860,NSF,2021,AI-enabled materials,1315946.0,USD,core_match,True,False
NSF_2118861,NSF,2021,AI-enabled materials,484054.0,USD,core_match,True,False
NSF_2118912,NSF,2021,AI-enabled materials,519041.0,USD,broad_match,False,True
NSF_2118944,NSF,2021,AI-enabled materials,513693.0,USD,broad_match,False,True
NSF_2118962,NSF,2021,AI-enabled materials,765688.0,USD,broad_match,False,True
NSF_2119040,NSF,2021,AI-enabled materials,1080002.0,USD,core_match,True,False
NSF_2119065,NSF,2021,AI-enabled materials,485439.0,USD,core_match,True,False
NSF_2119103,NSF,2021,AI-enabled materials,1799981.0,USD,core_match,True,False
NSF_2119172,NSF,2021,AI-enabled materials,1799420.0,USD,core_match,True,False
NSF_2119308,NSF,2021,AI-enabled materials,1314494.0,USD,core_match,True,False
NSF_2119423,NSF,2021,AI-enabled materials,1800000.0,USD,core_match,True,False
NSF_2119435,NSF,2021,AI-enabled materials,3999960.0,USD,core_match,True,False
NSF_2119575,NSF,2021,AI-enabled materials,1655906.0,USD,core_match,True,False
NSF_2119640,NSF,2021,AI-enabled materials,1177594.0,USD,core_match,True,False
NSF_2119671,NSF,2021,AI-enabled materials,622222.0,USD,core_match,True,False
NSF_2119672,NSF,2021,AI-enabled materials,831521.0,USD,core_match,True,False
NSF_2119673,NSF,2021,AI-enabled materials,968428.0,USD,core_match,True,False
NSF_2119688,NSF,2021,AI-enabled materials,6000000.0,USD,core_match,True,False
NSF_2119716,NSF,2021,AI-enabled materials,800000.0,USD,core_match,True,False
NSF_2119717,NSF,2021,AI-enabled materials,400000.0,USD,core_match,True,False
NSF_2119754,NSF,2021,AI-enabled materials,4000000.0,USD,core_match,True,False
NSF_2119809,NSF,2021,AI-enabled materials,3974309.0,USD,core_match,True,False
NSF_2121866,NSF,2021,AI-enabled materials,249986.0,USD,core_match,True,False
NSF_2122108,NSF,2021,AI-enabled materials,3799000.0,USD,core_match,True,False
NSF_2122158,NSF,2021,AI-enabled materials,799058.0,USD,core_match,True,False
NSF_2122272,NSF,2021,AI-enabled materials,249192.0,USD,core_match,True,False
NSF_2122296,NSF,2021,AI-enabled materials,37299.0,USD,core_match,True,False
NSF_2122643,NSF,2021,AI-enabled materials,77000.0,USD,core_match,True,False
NSF_2124604,NSF,2021,AI-enabled materials,437330.0,USD,core_match,True,False
NSF_2124999,NSF,2021,AI-enabled materials,301492.0,USD,core_match,True,False
NSF_2125703,NSF,2021,AI-enabled materials,2999011.0,USD,broad_match,False,True
NSF_2125826,NSF,2021,AI-enabled materials,300000.0,USD,core_match,True,False
NSF_2126246,NSF,2021,AI-enabled materials,1000000.0,USD,core_match,True,False
NSF_2127473,NSF,2021,AI-enabled materials,184213.0,USD,core_match,True,False
NSF_2127823,NSF,2021,AI-enabled materials,75141.0,USD,core_match,True,False
NSF_2129051,NSF,2021,AI-enabled materials,1316305.0,USD,core_match,True,False
NSF_2129730,NSF,2021,AI-enabled materials,50000.0,USD,broad_match,False,True
NSF_2129796,NSF,2021,AI-enabled materials,525000.0,USD,core_match,True,False
NSF_2132105,NSF,2021,AI-enabled materials,597856.0,USD,core_match,True,False
NSF_2132475,NSF,2021,AI-enabled materials,104250.0,USD,core_match,True,False
NSF_2132820,NSF,2021,AI-enabled materials,500000.0,USD,core_match,True,False
NSF_2132929,NSF,2021,AI-enabled materials,1500000.0,USD,core_match,True,False
NSF_2133650,NSF,2021,AI-enabled materials,499995.0,USD,core_match,True,False
NSF_2134534,NSF,2021,AI-enabled materials,500000.0,USD,core_match,True,False
NSF_2134715,NSF,2021,AI-enabled materials,2700000.0,USD,core_match,True,False
NSF_2134764,NSF,2021,AI-enabled materials,2700000.0,USD,core_match,True,False
NSF_2134795,NSF,2021,AI-enabled materials,5000000.0,USD,core_match,True,False
NSF_2134875,NSF,2021,AI-enabled materials,44424.0,USD,core_match,True,False
NSF_2136807,NSF,2021,AI-enabled materials,50000.0,USD,core_match,True,False
NSF_2140195,NSF,2021,AI-enabled materials,49770.0,USD,core_match,True,False
NSF_2141384,NSF,2021,AI-enabled materials,299995.0,USD,core_match,True,False
NSF_2150816,NSF,2021,AI-enabled materials,152050.0,USD,core_match,True,False
NSF_2034074,NSF,2022,AI-enabled materials,576943.0,USD,core_match,True,False
NSF_2110309,NSF,2022,AI-enabled materials,310000.0,USD,core_match,True,False
NSF_2112554,NSF,2022,AI-enabled materials,5000000.0,USD,core_match,True,False
NSF_2114640,NSF,2022,AI-enabled materials,321000.0,USD,core_match,True,False
NSF_2118310,NSF,2022,AI-enabled materials,2402082.0,USD,core_match,True,False
NSF_2118399,NSF,2022,AI-enabled materials,876311.0,USD,core_match,True,False
NSF_2118557,NSF,2022,AI-enabled materials,432903.0,USD,core_match,True,False
NSF_2118673,NSF,2022,AI-enabled materials,484805.0,USD,core_match,True,False
NSF_2119545,NSF,2022,AI-enabled materials,376317.0,USD,core_match,True,False
NSF_2119643,NSF,2022,AI-enabled materials,1428383.0,USD,core_match,True,False
NSF_2126660,NSF,2022,AI-enabled materials,390000.0,USD,core_match,True,False
NSF_2127361,NSF,2022,AI-enabled materials,651725.0,USD,core_match,True,False
NSF_2127864,NSF,2022,AI-enabled materials,286932.0,USD,core_match,True,False
NSF_2127925,NSF,2022,AI-enabled materials,285681.0,USD,core_match,True,False
NSF_2130586,NSF,2022,AI-enabled materials,442403.0,USD,core_match,True,False
NSF_2130775,NSF,2022,AI-enabled materials,327225.0,USD,core_match,True,False
NSF_2132224,NSF,2022,AI-enabled materials,263915.0,USD,core_match,True,False
NSF_2132336,NSF,2022,AI-enabled materials,333267.0,USD,core_match,True,False
NSF_2132383,NSF,2022,AI-enabled materials,214668.0,USD,core_match,True,False
NSF_2132622,NSF,2022,AI-enabled materials,257763.0,USD,core_match,True,False
NSF_2132807,NSF,2022,AI-enabled materials,342853.0,USD,core_match,True,False
NSF_2134447,NSF,2022,AI-enabled materials,500000.0,USD,core_match,True,False
NSF_2134643,NSF,2022,AI-enabled materials,500000.0,USD,core_match,True,False
NSF_2134664,NSF,2022,AI-enabled materials,2998710.0,USD,core_match,True,False
NSF_2135203,NSF,2022,AI-enabled materials,482831.0,USD,core_match,True,False
NSF_2135720,NSF,2022,AI-enabled materials,1000000.0,USD,core_match,True,False
NSF_2136038,NSF,2022,AI-enabled materials,395000.0,USD,core_match,True,False
NSF_2137212,NSF,2022,AI-enabled materials,19967.0,USD,core_match,True,False
NSF_2138431,NSF,2022,AI-enabled materials,200000.0,USD,broad_match,False,True
NSF_2138523,NSF,2022,AI-enabled materials,199972.0,USD,core_match,True,False
NSF_2138740,NSF,2022,AI-enabled materials,193274.0,USD,core_match,True,False
NSF_2139185,NSF,2022,AI-enabled materials,700485.0,USD,core_match,True,False
NSF_2141905,NSF,2022,AI-enabled materials,526186.0,USD,broad_match,False,True
NSF_2142164,NSF,2022,AI-enabled materials,505075.0,USD,core_match,True,False
NSF_2142570,NSF,2022,AI-enabled materials,531569.0,USD,core_match,True,False
NSF_2142935,NSF,2022,AI-enabled materials,508638.0,USD,core_match,True,False
NSF_2143346,NSF,2022,AI-enabled materials,510796.0,USD,core_match,True,False
NSF_2143422,NSF,2022,AI-enabled materials,517220.0,USD,core_match,True,False
NSF_2143739,NSF,2022,AI-enabled materials,413516.0,USD,core_match,True,False
NSF_2143864,NSF,2022,AI-enabled materials,551517.0,USD,core_match,True,False
NSF_2143952,NSF,2022,AI-enabled materials,599999.0,USD,core_match,True,False
NSF_2144023,NSF,2022,AI-enabled materials,614435.0,USD,broad_match,False,True
NSF_2144094,NSF,2022,AI-enabled materials,580356.0,USD,core_match,True,False
NSF_2144153,NSF,2022,AI-enabled materials,650000.0,USD,core_match,True,False
NSF_2144196,NSF,2022,AI-enabled materials,527235.0,USD,broad_match,False,True
NSF_2144792,NSF,2022,AI-enabled materials,570108.0,USD,core_match,True,False
NSF_2145091,NSF,2022,AI-enabled materials,642450.0,USD,core_match,True,False
NSF_2145137,NSF,2022,AI-enabled materials,516621.0,USD,core_match,True,False
NSF_2145144,NSF,2022,AI-enabled materials,674985.0,USD,broad_match,False,True
NSF_2145392,NSF,2022,AI-enabled materials,595245.0,USD,core_match,True,False
NSF_2145604,NSF,2022,AI-enabled materials,599293.0,USD,broad_match,False,True
NSF_2145797,NSF,2022,AI-enabled materials,588795.0,USD,core_match,True,False
NSF_2148653,NSF,2022,AI-enabled materials,20000000.0,USD,broad_match,False,True
NSF_2148897,NSF,2022,AI-enabled materials,384789.0,USD,core_match,True,False
NSF_2150321,NSF,2022,AI-enabled materials,402181.0,USD,core_match,True,False
NSF_2150360,NSF,2022,AI-enabled materials,468938.0,USD,core_match,True,False
NSF_2150489,NSF,2022,AI-enabled materials,421536.0,USD,core_match,True,False
NSF_2151599,NSF,2022,AI-enabled materials,255840.0,USD,core_match,True,False
NSF_2151809,NSF,2022,AI-enabled materials,390000.0,USD,broad_match,False,True
NSF_2152014,NSF,2022,AI-enabled materials,2965563.0,USD,core_match,True,False
NSF_2152210,NSF,2022,AI-enabled materials,2000000.0,USD,core_match,True,False
NSF_2152565,NSF,2022,AI-enabled materials,213247.0,USD,core_match,True,False
NSF_2152908,NSF,2022,AI-enabled materials,509721.0,USD,core_match,True,False
NSF_2153032,NSF,2022,AI-enabled materials,316270.0,USD,core_match,True,False
NSF_2153091,NSF,2022,AI-enabled materials,357473.0,USD,core_match,True,False
NSF_2153657,NSF,2022,AI-enabled materials,525000.0,USD,core_match,True,False
NSF_2153661,NSF,2022,AI-enabled materials,182625.0,USD,core_match,True,False
NSF_2153807,NSF,2022,AI-enabled materials,535066.0,USD,core_match,True,False
NSF_2154090,NSF,2022,AI-enabled materials,321450.0,USD,core_match,True,False
NSF_2154291,NSF,2022,AI-enabled materials,510000.0,USD,core_match,True,False
NSF_2154367,NSF,2022,AI-enabled materials,510000.0,USD,core_match,True,False
NSF_2154760,NSF,2022,AI-enabled materials,464139.0,USD,core_match,True,False
NSF_2154999,NSF,2022,AI-enabled materials,500000.0,USD,core_match,True,False
NSF_2202101,NSF,2022,AI-enabled materials,318775.0,USD,core_match,True,False
NSF_2202268,NSF,2022,AI-enabled materials,465795.0,USD,core_match,True,False
NSF_2203354,NSF,2022,AI-enabled materials,600003.0,USD,core_match,True,False
NSF_2203580,NSF,2022,AI-enabled materials,1639367.0,USD,core_match,True,False
NSF_2203830,NSF,2022,AI-enabled materials,470150.0,USD,core_match,True,False
NSF_2203841,NSF,2022,AI-enabled materials,420000.0,USD,core_match,True,False
NSF_2203857,NSF,2022,AI-enabled materials,424999.0,USD,core_match,True,False
NSF_2203904,NSF,2022,AI-enabled materials,449978.0,USD,core_match,True,False
NSF_2204094,NSF,2022,AI-enabled materials,495000.0,USD,core_match,True,False
NSF_2204226,NSF,2022,AI-enabled materials,405278.0,USD,core_match,True,False
NSF_2205521,NSF,2022,AI-enabled materials,450000.0,USD,core_match,True,False
NSF_2205627,NSF,2022,AI-enabled materials,550000.0,USD,core_match,True,False
NSF_2205819,NSF,2022,AI-enabled materials,307754.0,USD,core_match,True,False
NSF_2207328,NSF,2022,AI-enabled materials,300000.0,USD,core_match,True,False
NSF_2208130,NSF,2022,AI-enabled materials,448424.0,USD,core_match,True,False
NSF_2208277,NSF,2022,AI-enabled materials,296555.0,USD,core_match,True,False
NSF_2209026,NSF,2022,AI-enabled materials,636980.0,USD,core_match,True,False
NSF_2209027,NSF,2022,AI-enabled materials,112952.0,USD,core_match,True,False
NSF_2209423,NSF,2022,AI-enabled materials,600000.0,USD,core_match,True,False
NSF_2209717,NSF,2022,AI-enabled materials,2264054.0,USD,core_match,True,False
NSF_2209718,NSF,2022,AI-enabled materials,1500000.0,USD,core_match,True,False
NSF_2209759,NSF,2022,AI-enabled materials,20000.0,USD,core_match,True,False
NSF_2209887,NSF,2022,AI-enabled materials,20000.0,USD,core_match,True,False
NSF_2209892,NSF,2022,AI-enabled materials,3496454.0,USD,core_match,True,False
NSF_2210437,NSF,2022,AI-enabled materials,600000.0,USD,broad_match,False,True
NSF_2210963,NSF,2022,AI-enabled materials,1200000.0,USD,core_match,True,False
NSF_2211489,NSF,2022,AI-enabled materials,350000.0,USD,core_match,True,False
NSF_2211491,NSF,2022,AI-enabled materials,199778.0,USD,core_match,True,False
NSF_2211492,NSF,2022,AI-enabled materials,250222.0,USD,core_match,True,False
NSF_2211660,NSF,2022,AI-enabled materials,361794.0,USD,core_match,True,False
NSF_2211696,NSF,2022,AI-enabled materials,117348.0,USD,core_match,True,False
NSF_2212232,NSF,2022,AI-enabled materials,900000.0,USD,core_match,True,False
NSF_2212345,NSF,2022,AI-enabled materials,900000.0,USD,broad_match,False,True
NSF_2212346,NSF,2022,AI-enabled materials,300000.0,USD,broad_match,False,True
NSF_2212418,NSF,2022,AI-enabled materials,600000.0,USD,core_match,True,False
NSF_2212419,NSF,2022,AI-enabled materials,600000.0,USD,core_match,True,False
NSF_2212519,NSF,2022,AI-enabled materials,799942.0,USD,core_match,True,False
NSF_2212981,NSF,2022,AI-enabled materials,348878.0,USD,core_match,True,False
NSF_2213103,NSF,2022,AI-enabled materials,300000.0,USD,core_match,True,False
NSF_2213159,NSF,2022,AI-enabled materials,300000.0,USD,core_match,True,False
NSF_2213684,NSF,2022,AI-enabled materials,550000.0,USD,broad_match,False,True
NSF_2214590,NSF,2022,AI-enabled materials,559373.0,USD,broad_match,False,True
NSF_2214631,NSF,2022,AI-enabled materials,360000.0,USD,broad_match,False,True
NSF_2214718,NSF,2022,AI-enabled materials,8000.0,USD,core_match,True,False
NSF_2216011,NSF,2022,AI-enabled materials,2991747.0,USD,core_match,True,False
NSF_2216061,NSF,2022,AI-enabled materials,331771.0,USD,core_match,True,False
NSF_2216084,NSF,2022,AI-enabled materials,4000000.0,USD,core_match,True,False
NSF_2216175,NSF,2022,AI-enabled materials,1228025.0,USD,core_match,True,False
NSF_2216298,NSF,2022,AI-enabled materials,410900.0,USD,core_match,True,False
NSF_2217824,NSF,2022,AI-enabled materials,6000000.0,USD,core_match,True,False
NSF_2218070,NSF,2022,AI-enabled materials,4000000.0,USD,core_match,True,False
NSF_2218077,NSF,2022,AI-enabled materials,262535.0,USD,core_match,True,False
NSF_2218604,NSF,2022,AI-enabled materials,600000.0,USD,core_match,True,False
NSF_2219416,NSF,2022,AI-enabled materials,386006.0,USD,core_match,True,False
NSF_2219489,NSF,2022,AI-enabled materials,249999.0,USD,core_match,True,False
NSF_2219731,NSF,2022,AI-enabled materials,584970.0,USD,core_match,True,False
NSF_2219788,NSF,2022,AI-enabled materials,437500.0,USD,core_match,True,False
NSF_2220274,NSF,2022,AI-enabled materials,500000.0,USD,core_match,True,False
NSF_2222373,NSF,2022,AI-enabled materials,59046.0,USD,core_match,True,False
NSF_2223283,NSF,2022,AI-enabled materials,10350.0,USD,broad_match,False,True
NSF_2223387,NSF,2022,AI-enabled materials,404820.0,USD,core_match,True,False
NSF_2224189,NSF,2022,AI-enabled materials,48375.0,USD,core_match,True,False
NSF_2224985,NSF,2022,AI-enabled materials,525000.0,USD,core_match,True,False
NSF_2225707,NSF,2022,AI-enabled materials,15000.0,USD,core_match,True,False
NSF_2226414,NSF,2022,AI-enabled materials,439997.0,USD,core_match,True,False
NSF_2226415,NSF,2022,AI-enabled materials,191540.0,USD,core_match,True,False
NSF_2226416,NSF,2022,AI-enabled materials,99312.0,USD,core_match,True,False
NSF_2226417,NSF,2022,AI-enabled materials,174000.0,USD,core_match,True,False
NSF_2226419,NSF,2022,AI-enabled materials,156587.0,USD,core_match,True,False
NSF_2226495,NSF,2022,AI-enabled materials,150000.0,USD,core_match,True,False
NSF_2226508,NSF,2022,AI-enabled materials,150000.0,USD,core_match,True,False
NSF_2226511,NSF,2022,AI-enabled materials,1074218.0,USD,core_match,True,False
NSF_2226699,NSF,2022,AI-enabled materials,444621.0,USD,core_match,True,False
NSF_2226700,NSF,2022,AI-enabled materials,152147.0,USD,core_match,True,False
NSF_2226976,NSF,2022,AI-enabled materials,672473.0,USD,core_match,True,False
NSF_2227178,NSF,2022,AI-enabled materials,350000.0,USD,core_match,True,False
NSF_2227484,NSF,2022,AI-enabled materials,1408548.0,USD,core_match,True,False
NSF_2227626,NSF,2022,AI-enabled materials,1500000.0,USD,broad_match,False,True
NSF_2229036,NSF,2022,AI-enabled materials,2999732.0,USD,core_match,True,False
NSF_2229245,NSF,2022,AI-enabled materials,498149.0,USD,core_match,True,False
NSF_2229690,NSF,2022,AI-enabled materials,300000.0,USD,broad_match,False,True
NSF_2229986,NSF,2022,AI-enabled materials,357473.0,USD,core_match,True,False
NSF_2230352,NSF,2022,AI-enabled materials,300000.0,USD,broad_match,False,True
NSF_2231174,NSF,2022,AI-enabled materials,300000.0,USD,core_match,True,False
NSF_2231469,NSF,2022,AI-enabled materials,250000.0,USD,core_match,True,False
NSF_2231470,NSF,2022,AI-enabled materials,50000.0,USD,core_match,True,False
NSF_2231655,NSF,2022,AI-enabled materials,49883.0,USD,broad_match,False,True
NSF_2231740,NSF,2022,AI-enabled materials,49999.0,USD,core_match,True,False
NSF_2232967,NSF,2022,AI-enabled materials,192372.0,USD,core_match,True,False
NSF_2232968,NSF,2022,AI-enabled materials,106769.0,USD,core_match,True,False
NSF_2234055,NSF,2022,AI-enabled materials,49600.0,USD,core_match,True,False
NSF_2235945,NSF,2022,AI-enabled materials,750000.0,USD,core_match,True,False
NSF_2236190,NSF,2022,AI-enabled materials,750000.0,USD,core_match,True,False
NSF_2240407,NSF,2022,AI-enabled materials,3750000.0,USD,core_match,True,False
NSF_2240526,NSF,2022,AI-enabled materials,193872.0,USD,core_match,True,False
NSF_2241095,NSF,2022,AI-enabled materials,44985.0,USD,core_match,True,False
NSF_2241238,NSF,2022,AI-enabled materials,49153.0,USD,core_match,True,False
NSF_2245158,NSF,2022,AI-enabled materials,350000.0,USD,core_match,True,False
NSF_2246564,NSF,2022,AI-enabled materials,500000.0,USD,core_match,True,False
NSF_2305529,NSF,2022,AI-enabled materials,500723.0,USD,core_match,True,False
NSF_2306929,NSF,2022,AI-enabled materials,600000.0,USD,core_match,True,False
NSF_2306967,NSF,2022,AI-enabled materials,253516.0,USD,core_match,True,False
NSF_2323108,NSF,2022,AI-enabled materials,592928.0,USD,core_match,True,False
NSF_2154882,NSF,2023,AI-enabled materials,450000.0,USD,broad_match,False,True
NSF_2212917,NSF,2023,AI-enabled materials,981780.0,USD,core_match,True,False
NSF_2214020,NSF,2023,AI-enabled materials,307345.0,USD,core_match,True,False
NSF_2214021,NSF,2023,AI-enabled materials,211846.0,USD,core_match,True,False
NSF_2225290,NSF,2023,AI-enabled materials,777782.0,USD,core_match,True,False
NSF_2225369,NSF,2023,AI-enabled materials,496317.0,USD,core_match,True,False
NSF_2225370,NSF,2023,AI-enabled materials,195000.0,USD,core_match,True,False
NSF_2226081,NSF,2023,AI-enabled materials,406000.0,USD,core_match,True,False
NSF_2226898,NSF,2023,AI-enabled materials,271000.0,USD,core_match,True,False
NSF_2226908,NSF,2023,AI-enabled materials,272581.0,USD,core_match,True,False
NSF_2226918,NSF,2023,AI-enabled materials,271320.0,USD,core_match,True,False
NSF_2227285,NSF,2023,AI-enabled materials,599999.0,USD,broad_match,False,True
NSF_2229092,NSF,2023,AI-enabled materials,3000000.0,USD,core_match,True,False
NSF_2229659,NSF,2023,AI-enabled materials,420000.0,USD,core_match,True,False
NSF_2229686,NSF,2023,AI-enabled materials,250886.0,USD,core_match,True,False
NSF_2229755,NSF,2023,AI-enabled materials,191801.0,USD,core_match,True,False
NSF_2233069,NSF,2023,AI-enabled materials,858714.0,USD,core_match,True,False
NSF_2233237,NSF,2023,AI-enabled materials,275000.0,USD,broad_match,False,True
NSF_2234891,NSF,2023,AI-enabled materials,298843.0,USD,core_match,True,False
NSF_2234892,NSF,2023,AI-enabled materials,449748.0,USD,core_match,True,False
NSF_2235329,NSF,2023,AI-enabled materials,299565.0,USD,core_match,True,False
NSF_2235443,NSF,2023,AI-enabled materials,480000.0,USD,core_match,True,False
NSF_2235462,NSF,2023,AI-enabled materials,380000.0,USD,core_match,True,False
NSF_2235466,NSF,2023,AI-enabled materials,400000.0,USD,broad_match,False,True
NSF_2235494,NSF,2023,AI-enabled materials,535120.0,USD,core_match,True,False
NSF_2235856,NSF,2023,AI-enabled materials,424596.0,USD,broad_match,False,True
NSF_2235857,NSF,2023,AI-enabled materials,283237.0,USD,broad_match,False,True
NSF_2236215,NSF,2023,AI-enabled materials,770000.0,USD,core_match,True,False
NSF_2236640,NSF,2023,AI-enabled materials,619593.0,USD,core_match,True,False
NSF_2236947,NSF,2023,AI-enabled materials,549365.0,USD,core_match,True,False
NSF_2237039,NSF,2023,AI-enabled materials,622248.0,USD,core_match,True,False
NSF_2237063,NSF,2023,AI-enabled materials,589486.0,USD,core_match,True,False
NSF_2237077,NSF,2023,AI-enabled materials,500000.0,USD,core_match,True,False
NSF_2237217,NSF,2023,AI-enabled materials,650000.0,USD,core_match,True,False
NSF_2237291,NSF,2023,AI-enabled materials,629358.0,USD,core_match,True,False
NSF_2237470,NSF,2023,AI-enabled materials,595287.0,USD,core_match,True,False
NSF_2237792,NSF,2023,AI-enabled materials,650000.0,USD,core_match,True,False
NSF_2237990,NSF,2023,AI-enabled materials,500000.0,USD,core_match,True,False
NSF_2238038,NSF,2023,AI-enabled materials,574200.0,USD,core_match,True,False
NSF_2238081,NSF,2023,AI-enabled materials,770000.0,USD,broad_match,False,True
NSF_2238147,NSF,2023,AI-enabled materials,576802.0,USD,core_match,True,False
NSF_2238415,NSF,2023,AI-enabled materials,501021.0,USD,core_match,True,False
NSF_2238516,NSF,2023,AI-enabled materials,528299.0,USD,core_match,True,False
NSF_2238557,NSF,2023,AI-enabled materials,657610.0,USD,core_match,True,False
NSF_2238874,NSF,2023,AI-enabled materials,667017.0,USD,broad_match,False,True
NSF_2238914,NSF,2023,AI-enabled materials,653842.0,USD,core_match,True,False
NSF_2239033,NSF,2023,AI-enabled materials,527554.0,USD,broad_match,False,True
NSF_2239216,NSF,2023,AI-enabled materials,537398.0,USD,core_match,True,False
NSF_2239244,NSF,2023,AI-enabled materials,596734.0,USD,core_match,True,False
NSF_2239307,NSF,2023,AI-enabled materials,500000.0,USD,core_match,True,False
NSF_2239557,NSF,2023,AI-enabled materials,656404.0,USD,core_match,True,False
NSF_2239618,NSF,2023,AI-enabled materials,625000.0,USD,core_match,True,False
NSF_2239822,NSF,2023,AI-enabled materials,500000.0,USD,core_match,True,False
NSF_2240281,NSF,2023,AI-enabled materials,414197.0,USD,core_match,True,False
NSF_2240282,NSF,2023,AI-enabled materials,375803.0,USD,core_match,True,False
NSF_2240388,NSF,2023,AI-enabled materials,450000.0,USD,broad_match,False,True
NSF_2240562,NSF,2023,AI-enabled materials,450000.0,USD,broad_match,False,True
NSF_2240760,NSF,2023,AI-enabled materials,345410.0,USD,core_match,True,False
NSF_2242763,NSF,2023,AI-enabled materials,20000000.0,USD,core_match,True,False
NSF_2243104,NSF,2023,AI-enabled materials,30000000.0,USD,core_match,True,False
NSF_2243526,NSF,2023,AI-enabled materials,3000000.0,USD,core_match,True,False
NSF_2244024,NSF,2023,AI-enabled materials,322660.0,USD,core_match,True,False
NSF_2244274,NSF,2023,AI-enabled materials,3000000.0,USD,core_match,True,False
NSF_2244310,NSF,2023,AI-enabled materials,3000000.0,USD,core_match,True,False
NSF_2244342,NSF,2023,AI-enabled materials,3000000.0,USD,core_match,True,False
NSF_2245298,NSF,2023,AI-enabled materials,249721.0,USD,core_match,True,False
NSF_2245299,NSF,2023,AI-enabled materials,249829.0,USD,core_match,True,False
NSF_2245592,NSF,2023,AI-enabled materials,530000.0,USD,core_match,True,False
NSF_2246616,NSF,2023,AI-enabled materials,260000.0,USD,core_match,True,False
NSF_2246991,NSF,2023,AI-enabled materials,600000.0,USD,core_match,True,False
NSF_2247342,NSF,2023,AI-enabled materials,300000.0,USD,broad_match,False,True
NSF_2247343,NSF,2023,AI-enabled materials,300000.0,USD,broad_match,False,True
NSF_2247494,NSF,2023,AI-enabled materials,575000.0,USD,core_match,True,False
NSF_2301348,NSF,2023,AI-enabled materials,459000.0,USD,core_match,True,False
NSF_2301725,NSF,2023,AI-enabled materials,198574.0,USD,core_match,True,False
NSF_2301808,NSF,2023,AI-enabled materials,200000.0,USD,broad_match,False,True
NSF_2302763,NSF,2023,AI-enabled materials,395375.0,USD,core_match,True,False
NSF_2302764,NSF,2023,AI-enabled materials,303790.0,USD,core_match,True,False
NSF_2303044,NSF,2023,AI-enabled materials,20000000.0,USD,core_match,True,False
NSF_2303580,NSF,2023,AI-enabled materials,250000.0,USD,core_match,True,False
NSF_2303581,NSF,2023,AI-enabled materials,400000.0,USD,core_match,True,False
NSF_2304658,NSF,2023,AI-enabled materials,449440.0,USD,core_match,True,False
NSF_2305663,NSF,2023,AI-enabled materials,240000.0,USD,core_match,True,False
NSF_2306101,NSF,2023,AI-enabled materials,249943.0,USD,core_match,True,False
NSF_2306613,NSF,2023,AI-enabled materials,599835.0,USD,core_match,True,False
NSF_2306975,NSF,2023,AI-enabled materials,500000.0,USD,core_match,True,False
NSF_2307115,NSF,2023,AI-enabled materials,300000.0,USD,core_match,True,False
NSF_2308440,NSF,2023,AI-enabled materials,288303.0,USD,broad_match,False,True
NSF_2308708,NSF,2023,AI-enabled materials,18000000.0,USD,core_match,True,False
NSF_2308873,NSF,2023,AI-enabled materials,999995.0,USD,core_match,True,False
NSF_2308979,NSF,2023,AI-enabled materials,18000000.0,USD,core_match,True,False
NSF_2309000,NSF,2023,AI-enabled materials,18000000.0,USD,core_match,True,False
NSF_2309029,NSF,2023,AI-enabled materials,18000000.0,USD,core_match,True,False
NSF_2309037,NSF,2023,AI-enabled materials,18000000.0,USD,core_match,True,False
NSF_2309043,NSF,2023,AI-enabled materials,18000000.0,USD,core_match,True,False
NSF_2309083,NSF,2023,AI-enabled materials,18000000.0,USD,core_match,True,False
NSF_2309396,NSF,2023,AI-enabled materials,549718.0,USD,core_match,True,False
NSF_2309814,NSF,2023,AI-enabled materials,112817.0,USD,broad_match,False,True
NSF_2309845,NSF,2023,AI-enabled materials,405320.0,USD,core_match,True,False
NSF_2309852,NSF,2023,AI-enabled materials,579734.0,USD,core_match,True,False
NSF_2310185,NSF,2023,AI-enabled materials,489134.0,USD,broad_match,False,True
NSF_2310640,NSF,2023,AI-enabled materials,350000.0,USD,core_match,True,False
NSF_2310663,NSF,2023,AI-enabled materials,20000.0,USD,core_match,True,False
NSF_2311104,NSF,2023,AI-enabled materials,499312.0,USD,core_match,True,False
NSF_2311202,NSF,2023,AI-enabled materials,400000.0,USD,core_match,True,False
NSF_2311203,NSF,2023,AI-enabled materials,200000.0,USD,core_match,True,False
NSF_2311557,NSF,2023,AI-enabled materials,299965.0,USD,core_match,True,False
NSF_2311632,NSF,2023,AI-enabled materials,4500000.0,USD,core_match,True,False
NSF_2312079,NSF,2023,AI-enabled materials,10000.0,USD,core_match,True,False
NSF_2312480,NSF,2023,AI-enabled materials,685998.0,USD,core_match,True,False
NSF_2313826,NSF,2023,AI-enabled materials,529887.0,USD,core_match,True,False
NSF_2315913,NSF,2023,AI-enabled materials,46865.0,USD,core_match,True,False
NSF_2316003,NSF,2023,AI-enabled materials,299621.0,USD,core_match,True,False
NSF_2316628,NSF,2023,AI-enabled materials,15000.0,USD,core_match,True,False
NSF_2316666,NSF,2023,AI-enabled materials,300000.0,USD,core_match,True,False
NSF_2316762,NSF,2023,AI-enabled materials,693999.0,USD,core_match,True,False
NSF_2317008,NSF,2023,AI-enabled materials,249726.0,USD,core_match,True,False
NSF_2317067,NSF,2023,AI-enabled materials,300000.0,USD,core_match,True,False
NSF_2317974,NSF,2023,AI-enabled materials,2000000.0,USD,core_match,True,False
NSF_2318093,NSF,2023,AI-enabled materials,1999999.0,USD,broad_match,False,True
NSF_2318105,NSF,2023,AI-enabled materials,1800000.0,USD,core_match,True,False
NSF_2318141,NSF,2023,AI-enabled materials,1800000.0,USD,core_match,True,False
NSF_2318585,NSF,2023,AI-enabled materials,50000.0,USD,core_match,True,False
NSF_2318814,NSF,2023,AI-enabled materials,399541.0,USD,core_match,True,False
NSF_2319690,NSF,2023,AI-enabled materials,704482.0,USD,core_match,True,False
NSF_2320030,NSF,2023,AI-enabled materials,1938193.0,USD,core_match,True,False
NSF_2320276,NSF,2023,AI-enabled materials,3596000.0,USD,core_match,True,False
NSF_2320330,NSF,2023,AI-enabled materials,213945.0,USD,core_match,True,False
NSF_2320468,NSF,2023,AI-enabled materials,2500000.0,USD,broad_match,False,True
NSF_2320493,NSF,2023,AI-enabled materials,592212.0,USD,core_match,True,False
NSF_2320649,NSF,2023,AI-enabled materials,1399000.0,USD,core_match,True,False
NSF_2320718,NSF,2023,AI-enabled materials,300000.0,USD,core_match,True,False
NSF_2320735,NSF,2023,AI-enabled materials,1000000.0,USD,core_match,True,False
NSF_2320929,NSF,2023,AI-enabled materials,557722.0,USD,broad_match,False,True
NSF_2321443,NSF,2023,AI-enabled materials,492652.0,USD,core_match,True,False
NSF_2322108,NSF,2023,AI-enabled materials,273706.0,USD,core_match,True,False
NSF_2322377,NSF,2023,AI-enabled materials,499527.0,USD,core_match,True,False
NSF_2322572,NSF,2023,AI-enabled materials,500000.0,USD,core_match,True,False
NSF_2322713,NSF,2023,AI-enabled materials,599756.0,USD,broad_match,False,True
NSF_2323317,NSF,2023,AI-enabled materials,1670091.0,USD,core_match,True,False
NSF_2323422,NSF,2023,AI-enabled materials,952291.0,USD,core_match,True,False
NSF_2323423,NSF,2023,AI-enabled materials,440001.0,USD,core_match,True,False
NSF_2323424,NSF,2023,AI-enabled materials,440000.0,USD,core_match,True,False
NSF_2323456,NSF,2023,AI-enabled materials,731650.0,USD,core_match,True,False
NSF_2323457,NSF,2023,AI-enabled materials,672809.0,USD,core_match,True,False
NSF_2323458,NSF,2023,AI-enabled materials,589971.0,USD,core_match,True,False
NSF_2323468,NSF,2023,AI-enabled materials,1065000.0,USD,core_match,True,False
NSF_2323469,NSF,2023,AI-enabled materials,440000.0,USD,core_match,True,False
NSF_2323470,NSF,2023,AI-enabled materials,485000.0,USD,core_match,True,False
NSF_2323546,NSF,2023,AI-enabled materials,1120000.0,USD,core_match,True,False
NSF_2323665,NSF,2023,AI-enabled materials,453737.0,USD,core_match,True,False
NSF_2323666,NSF,2023,AI-enabled materials,399985.0,USD,core_match,True,False
NSF_2323667,NSF,2023,AI-enabled materials,346256.0,USD,core_match,True,False
NSF_2323668,NSF,2023,AI-enabled materials,399996.0,USD,core_match,True,False
NSF_2323669,NSF,2023,AI-enabled materials,400000.0,USD,core_match,True,False
NSF_2323695,NSF,2023,AI-enabled materials,1541748.0,USD,core_match,True,False
NSF_2323696,NSF,2023,AI-enabled materials,432418.0,USD,core_match,True,False
NSF_2323699,NSF,2023,AI-enabled materials,625184.0,USD,core_match,True,False
NSF_2323700,NSF,2023,AI-enabled materials,638566.0,USD,core_match,True,False
NSF_2323701,NSF,2023,AI-enabled materials,538249.0,USD,core_match,True,False
NSF_2323715,NSF,2023,AI-enabled materials,1149379.0,USD,core_match,True,False
NSF_2323716,NSF,2023,AI-enabled materials,800000.0,USD,core_match,True,False
NSF_2323717,NSF,2023,AI-enabled materials,1957843.0,USD,broad_match,False,True
NSF_2323718,NSF,2023,AI-enabled materials,700000.0,USD,core_match,True,False
NSF_2323720,NSF,2023,AI-enabled materials,475000.0,USD,core_match,True,False
NSF_2323727,NSF,2023,AI-enabled materials,421114.0,USD,core_match,True,False
NSF_2323729,NSF,2023,AI-enabled materials,350229.0,USD,core_match,True,False
NSF_2323749,NSF,2023,AI-enabled materials,990450.0,USD,broad_match,False,True
NSF_2323750,NSF,2023,AI-enabled materials,499892.0,USD,broad_match,False,True
NSF_2323751,NSF,2023,AI-enabled materials,480000.0,USD,broad_match,False,True
NSF_2323759,NSF,2023,AI-enabled materials,1995603.0,USD,core_match,True,False
NSF_2323765,NSF,2023,AI-enabled materials,966053.0,USD,core_match,True,False
NSF_2323766,NSF,2023,AI-enabled materials,475943.0,USD,core_match,True,False
NSF_2323767,NSF,2023,AI-enabled materials,499916.0,USD,core_match,True,False
NSF_2323802,NSF,2023,AI-enabled materials,1000000.0,USD,broad_match,False,True
NSF_2323803,NSF,2023,AI-enabled materials,500000.0,USD,broad_match,False,True
NSF_2323804,NSF,2023,AI-enabled materials,499999.0,USD,broad_match,False,True
NSF_2323936,NSF,2023,AI-enabled materials,1000000.0,USD,broad_match,False,True
NSF_2323937,NSF,2023,AI-enabled materials,534000.0,USD,broad_match,False,True
NSF_2323938,NSF,2023,AI-enabled materials,465452.0,USD,broad_match,False,True
NSF_2323968,NSF,2023,AI-enabled materials,1450000.0,USD,core_match,True,False
NSF_2323969,NSF,2023,AI-enabled materials,550000.0,USD,core_match,True,False
NSF_2323970,NSF,2023,AI-enabled materials,1500000.0,USD,core_match,True,False
NSF_2323971,NSF,2023,AI-enabled materials,499995.0,USD,core_match,True,False
NSF_2323976,NSF,2023,AI-enabled materials,455000.0,USD,core_match,True,False
NSF_2323977,NSF,2023,AI-enabled materials,364656.0,USD,core_match,True,False
NSF_2323978,NSF,2023,AI-enabled materials,790000.0,USD,core_match,True,False
NSF_2323979,NSF,2023,AI-enabled materials,390000.0,USD,core_match,True,False
NSF_2323988,NSF,2023,AI-enabled materials,1600000.0,USD,core_match,True,False
NSF_2323989,NSF,2023,AI-enabled materials,400000.0,USD,core_match,True,False
NSF_2324022,NSF,2023,AI-enabled materials,1781906.0,USD,core_match,True,False
NSF_2324156,NSF,2023,AI-enabled materials,1219164.0,USD,core_match,True,False
NSF_2324157,NSF,2023,AI-enabled materials,314920.0,USD,core_match,True,False
NSF_2324158,NSF,2023,AI-enabled materials,465916.0,USD,core_match,True,False
NSF_2324167,NSF,2023,AI-enabled materials,1425000.0,USD,core_match,True,False
NSF_2324168,NSF,2023,AI-enabled materials,475000.0,USD,core_match,True,False
NSF_2324172,NSF,2023,AI-enabled materials,400000.0,USD,core_match,True,False
NSF_2324173,NSF,2023,AI-enabled materials,798131.0,USD,core_match,True,False
NSF_2324190,NSF,2023,AI-enabled materials,1000000.0,USD,core_match,True,False
NSF_2324191,NSF,2023,AI-enabled materials,1000000.0,USD,core_match,True,False
NSF_2325392,NSF,2023,AI-enabled materials,567653.0,USD,core_match,True,False
NSF_2325413,NSF,2023,AI-enabled materials,34406.0,USD,core_match,True,False
NSF_2325840,NSF,2023,AI-enabled materials,402000.0,USD,core_match,True,False
NSF_2326787,NSF,2023,AI-enabled materials,1750000.0,USD,core_match,True,False
NSF_2327013,NSF,2023,AI-enabled materials,599238.0,USD,core_match,True,False
NSF_2328010,NSF,2023,AI-enabled materials,3000000.0,USD,broad_match,False,True
NSF_2328585,NSF,2023,AI-enabled materials,99445.0,USD,core_match,True,False
NSF_2328712,NSF,2023,AI-enabled materials,1376180.0,USD,core_match,True,False
NSF_2329012,NSF,2023,AI-enabled materials,620000.0,USD,broad_match,False,True
NSF_2329013,NSF,2023,AI-enabled materials,486770.0,USD,broad_match,False,True
NSF_2329014,NSF,2023,AI-enabled materials,399755.0,USD,broad_match,False,True
NSF_2329015,NSF,2023,AI-enabled materials,490000.0,USD,broad_match,False,True
NSF_2329096,NSF,2023,AI-enabled materials,1999998.0,USD,core_match,True,False
NSF_2329133,NSF,2023,AI-enabled materials,1924988.0,USD,broad_match,False,True
NSF_2330509,NSF,2023,AI-enabled materials,250000.0,USD,core_match,True,False
NSF_2331169,NSF,2023,AI-enabled materials,360000.0,USD,core_match,True,False
NSF_2331329,NSF,2023,AI-enabled materials,300000.0,USD,core_match,True,False
NSF_2331482,NSF,2023,AI-enabled materials,214668.0,USD,core_match,True,False
NSF_2331987,NSF,2023,AI-enabled materials,8000.0,USD,core_match,True,False
NSF_2332863,NSF,2023,AI-enabled materials,49600.0,USD,core_match,True,False
NSF_2333654,NSF,2023,AI-enabled materials,35091.0,USD,core_match,True,False
NSF_2334074,NSF,2023,AI-enabled materials,9793.0,USD,core_match,True,False
NSF_2334166,NSF,2023,AI-enabled materials,562555.0,USD,core_match,True,False
NSF_2334240,NSF,2023,AI-enabled materials,200000.0,USD,core_match,True,False
NSF_2334261,NSF,2023,AI-enabled materials,199112.0,USD,core_match,True,False
NSF_2334275,NSF,2023,AI-enabled materials,198498.0,USD,core_match,True,False
NSF_2334385,NSF,2023,AI-enabled materials,108007.0,USD,core_match,True,False
NSF_2334386,NSF,2023,AI-enabled materials,91989.0,USD,core_match,True,False
NSF_2334389,NSF,2023,AI-enabled materials,399781.0,USD,core_match,True,False
NSF_2334411,NSF,2023,AI-enabled materials,200000.0,USD,core_match,True,False
NSF_2334539,NSF,2023,AI-enabled materials,28000.0,USD,core_match,True,False
NSF_2335176,NSF,2023,AI-enabled materials,50000.0,USD,core_match,True,False
NSF_2335930,NSF,2023,AI-enabled materials,50000.0,USD,core_match,True,False
NSF_2339804,NSF,2023,AI-enabled materials,625000.0,USD,core_match,True,False
NSF_2341922,NSF,2023,AI-enabled materials,505075.0,USD,core_match,True,False
NSF_2344983,NSF,2023,AI-enabled materials,49600.0,USD,core_match,True,False
NSF_2346685,NSF,2023,AI-enabled materials,182625.0,USD,core_match,True,False
NSF_2347592,NSF,2023,AI-enabled materials,250222.0,USD,core_match,True,False
NSF_2350325,NSF,2023,AI-enabled materials,112817.0,USD,broad_match,False,True
NSF_2402311,NSF,2023,AI-enabled materials,350000.0,USD,core_match,True,False
NSF_2404816,NSF,2023,AI-enabled materials,387881.0,USD,core_match,True,False
NSF_2409891,NSF,2023,AI-enabled materials,342853.0,USD,core_match,True,False
NSF_2410514,NSF,2023,AI-enabled materials,687531.0,USD,core_match,True,False
NSF_2412182,NSF,2023,AI-enabled materials,450097.0,USD,core_match,True,False
NSF_2412473,NSF,2023,AI-enabled materials,260000.0,USD,core_match,True,False
NSF_2436906,NSF,2023,AI-enabled materials,561491.0,USD,broad_match,False,True
NSF_2315996,NSF,2024,AI-enabled materials,392931.0,USD,core_match,True,False
NSF_2315997,NSF,2024,AI-enabled materials,360000.0,USD,core_match,True,False
NSF_2323296,NSF,2024,AI-enabled materials,1500000.0,USD,core_match,True,False
NSF_2323611,NSF,2024,AI-enabled materials,1799747.0,USD,core_match,True,False
NSF_2323908,NSF,2024,AI-enabled materials,750000.0,USD,core_match,True,False
NSF_2323909,NSF,2024,AI-enabled materials,375000.0,USD,core_match,True,False
NSF_2323910,NSF,2024,AI-enabled materials,375000.0,USD,core_match,True,False
NSF_2324252,NSF,2024,AI-enabled materials,1500000.0,USD,core_match,True,False
NSF_2325463,NSF,2024,AI-enabled materials,326138.0,USD,core_match,True,False
NSF_2325464,NSF,2024,AI-enabled materials,351750.0,USD,core_match,True,False
NSF_2327352,NSF,2024,AI-enabled materials,299837.0,USD,broad_match,False,True
NSF_2328176,NSF,2024,AI-enabled materials,499997.0,USD,core_match,True,False
NSF_2328188,NSF,2024,AI-enabled materials,485166.0,USD,core_match,True,False
NSF_2328362,NSF,2024,AI-enabled materials,497765.0,USD,core_match,True,False
NSF_2328395,NSF,2024,AI-enabled materials,3000000.0,USD,core_match,True,False
NSF_2330175,NSF,2024,AI-enabled materials,26000000.0,USD,core_match,True,False
NSF_2331580,NSF,2024,AI-enabled materials,400696.0,USD,core_match,True,False
NSF_2331581,NSF,2024,AI-enabled materials,413909.0,USD,core_match,True,False
NSF_2331939,NSF,2024,AI-enabled materials,556697.0,USD,core_match,True,False
NSF_2332270,NSF,2024,AI-enabled materials,405726.0,USD,core_match,True,False
NSF_2332275,NSF,2024,AI-enabled materials,632838.0,USD,core_match,True,False
NSF_2332276,NSF,2024,AI-enabled materials,300000.0,USD,core_match,True,False
NSF_2333290,NSF,2024,AI-enabled materials,227545.0,USD,core_match,True,False
NSF_2333630,NSF,2024,AI-enabled materials,590000.0,USD,core_match,True,False
NSF_2334969,NSF,2024,AI-enabled materials,340000.0,USD,core_match,True,False
NSF_2334970,NSF,2024,AI-enabled materials,320000.0,USD,core_match,True,False
NSF_2335833,NSF,2024,AI-enabled materials,17359944.0,USD,core_match,True,False
NSF_2336392,NSF,2024,AI-enabled materials,437749.0,USD,core_match,True,False
NSF_2336744,NSF,2024,AI-enabled materials,750201.0,USD,core_match,True,False
NSF_2337423,NSF,2024,AI-enabled materials,730000.0,USD,core_match,True,False
NSF_2337749,NSF,2024,AI-enabled materials,566172.0,USD,core_match,True,False
NSF_2337987,NSF,2024,AI-enabled materials,675000.0,USD,core_match,True,False
NSF_2337991,NSF,2024,AI-enabled materials,650000.0,USD,core_match,True,False
NSF_2338063,NSF,2024,AI-enabled materials,807813.0,USD,core_match,True,False
NSF_2338229,NSF,2024,AI-enabled materials,726413.0,USD,core_match,True,False
NSF_2338371,NSF,2024,AI-enabled materials,763083.0,USD,core_match,True,False
NSF_2338466,NSF,2024,AI-enabled materials,744338.0,USD,core_match,True,False
NSF_2338508,NSF,2024,AI-enabled materials,682463.0,USD,core_match,True,False
NSF_2338558,NSF,2024,AI-enabled materials,609360.0,USD,core_match,True,False
NSF_2339116,NSF,2024,AI-enabled materials,788220.0,USD,core_match,True,False
NSF_2339757,NSF,2024,AI-enabled materials,532654.0,USD,broad_match,False,True
NSF_2339764,NSF,2024,AI-enabled materials,553654.0,USD,core_match,True,False
NSF_2340174,NSF,2024,AI-enabled materials,649207.0,USD,core_match,True,False
NSF_2340267,NSF,2024,AI-enabled materials,709448.0,USD,core_match,True,False
NSF_2340356,NSF,2024,AI-enabled materials,623481.0,USD,core_match,True,False
NSF_2341249,NSF,2024,AI-enabled materials,546398.0,USD,core_match,True,False
NSF_2341994,NSF,2024,AI-enabled materials,386258.0,USD,core_match,True,False
NSF_2341995,NSF,2024,AI-enabled materials,241299.0,USD,core_match,True,False
NSF_2342336,NSF,2024,AI-enabled materials,55000000.0,USD,core_match,True,False
NSF_2343806,NSF,2024,AI-enabled materials,400000.0,USD,broad_match,False,True
NSF_2344305,NSF,2024,AI-enabled materials,650000.0,USD,core_match,True,False
NSF_2344359,NSF,2024,AI-enabled materials,650000.0,USD,broad_match,False,True
NSF_2344415,NSF,2024,AI-enabled materials,650000.0,USD,core_match,True,False
NSF_2344423,NSF,2024,AI-enabled materials,650000.0,USD,core_match,True,False
NSF_2344734,NSF,2024,AI-enabled materials,420000.0,USD,core_match,True,False
NSF_2345655,NSF,2024,AI-enabled materials,1000000.0,USD,broad_match,False,True
NSF_2345734,NSF,2024,AI-enabled materials,299569.0,USD,core_match,True,False
NSF_2345874,NSF,2024,AI-enabled materials,3000000.0,USD,core_match,True,False
NSF_2345976,NSF,2024,AI-enabled materials,2923854.0,USD,core_match,True,False
NSF_2345983,NSF,2024,AI-enabled materials,2999999.0,USD,core_match,True,False
NSF_2346004,NSF,2024,AI-enabled materials,2475715.0,USD,core_match,True,False
NSF_2346005,NSF,2024,AI-enabled materials,523514.0,USD,core_match,True,False
NSF_2346717,NSF,2024,AI-enabled materials,498431.0,USD,core_match,True,False
NSF_2347019,NSF,2024,AI-enabled materials,3000000.0,USD,broad_match,False,True
NSF_2347218,NSF,2024,AI-enabled materials,340000.0,USD,core_match,True,False
NSF_2347219,NSF,2024,AI-enabled materials,316455.0,USD,core_match,True,False
NSF_2347344,NSF,2024,AI-enabled materials,361985.0,USD,core_match,True,False
NSF_2347345,NSF,2024,AI-enabled materials,79814.0,USD,core_match,True,False
NSF_2347554,NSF,2024,AI-enabled materials,199999.0,USD,core_match,True,False
NSF_2347658,NSF,2024,AI-enabled materials,313087.0,USD,core_match,True,False
NSF_2347659,NSF,2024,AI-enabled materials,200453.0,USD,core_match,True,False
NSF_2347833,NSF,2024,AI-enabled materials,300000.0,USD,core_match,True,False
NSF_2347834,NSF,2024,AI-enabled materials,300000.0,USD,core_match,True,False
NSF_2348712,NSF,2024,AI-enabled materials,441923.0,USD,core_match,True,False
NSF_2348782,NSF,2024,AI-enabled materials,456613.0,USD,core_match,True,False
NSF_2348914,NSF,2024,AI-enabled materials,427964.0,USD,core_match,True,False
NSF_2348955,NSF,2024,AI-enabled materials,359907.0,USD,core_match,True,False
NSF_2348956,NSF,2024,AI-enabled materials,335707.0,USD,core_match,True,False
NSF_2349118,NSF,2024,AI-enabled materials,464737.0,USD,core_match,True,False
NSF_2349319,NSF,2024,AI-enabled materials,499394.0,USD,core_match,True,False
NSF_2349649,NSF,2024,AI-enabled materials,498500.0,USD,core_match,True,False
NSF_2349665,NSF,2024,AI-enabled materials,360001.0,USD,core_match,True,False
NSF_2349666,NSF,2024,AI-enabled materials,296023.0,USD,core_match,True,False
NSF_2349705,NSF,2024,AI-enabled materials,464485.0,USD,broad_match,False,True
NSF_2349731,NSF,2024,AI-enabled materials,460039.0,USD,core_match,True,False
NSF_2350004,NSF,2024,AI-enabled materials,600000.0,USD,core_match,True,False
NSF_2400220,NSF,2024,AI-enabled materials,18000000.0,USD,core_match,True,False
NSF_2400314,NSF,2024,AI-enabled materials,800000.0,USD,core_match,True,False
NSF_2400359,NSF,2024,AI-enabled materials,575000.0,USD,core_match,True,False
NSF_2400999,NSF,2024,AI-enabled materials,398274.0,USD,core_match,True,False
NSF_2401291,NSF,2024,AI-enabled materials,29000.0,USD,core_match,True,False
NSF_2401663,NSF,2024,AI-enabled materials,277930.0,USD,core_match,True,False
NSF_2401664,NSF,2024,AI-enabled materials,330121.0,USD,core_match,True,False
NSF_2401733,NSF,2024,AI-enabled materials,416841.0,USD,core_match,True,False
NSF_2402430,NSF,2024,AI-enabled materials,726640.0,USD,core_match,True,False
NSF_2402925,NSF,2024,AI-enabled materials,11000.0,USD,core_match,True,False
NSF_2402926,NSF,2024,AI-enabled materials,12000.0,USD,core_match,True,False
NSF_2403982,NSF,2024,AI-enabled materials,290000.0,USD,core_match,True,False
NSF_2404035,NSF,2024,AI-enabled materials,19979400.0,USD,core_match,True,False
NSF_2404069,NSF,2024,AI-enabled materials,600000.0,USD,core_match,True,False
NSF_2404135,NSF,2024,AI-enabled materials,280000.0,USD,core_match,True,False
NSF_2404265,NSF,2024,AI-enabled materials,656061.0,USD,core_match,True,False
NSF_2404266,NSF,2024,AI-enabled materials,151584.0,USD,core_match,True,False
NSF_2404283,NSF,2024,AI-enabled materials,99283.0,USD,core_match,True,False
NSF_2404376,NSF,2024,AI-enabled materials,539921.0,USD,core_match,True,False
NSF_2404384,NSF,2024,AI-enabled materials,680000.0,USD,core_match,True,False
NSF_2405560,NSF,2024,AI-enabled materials,793715.0,USD,core_match,True,False
NSF_2406340,NSF,2024,AI-enabled materials,1200000.0,USD,broad_match,False,True
NSF_2406530,NSF,2024,AI-enabled materials,523521.0,USD,core_match,True,False
NSF_2406531,NSF,2024,AI-enabled materials,256929.0,USD,core_match,True,False
NSF_2407033,NSF,2024,AI-enabled materials,250000.0,USD,core_match,True,False
NSF_2407300,NSF,2024,AI-enabled materials,510000.0,USD,core_match,True,False
NSF_2407535,NSF,2024,AI-enabled materials,448063.0,USD,core_match,True,False
NSF_2407935,NSF,2024,AI-enabled materials,811965.0,USD,core_match,True,False
NSF_2408083,NSF,2024,AI-enabled materials,762500.0,USD,core_match,True,False
NSF_2408668,NSF,2024,AI-enabled materials,1172990.0,USD,core_match,True,False
NSF_2409354,NSF,2024,AI-enabled materials,575000.0,USD,core_match,True,False
NSF_2409359,NSF,2024,AI-enabled materials,1000000.0,USD,core_match,True,False
NSF_2409552,NSF,2024,AI-enabled materials,346256.0,USD,core_match,True,False
NSF_2409631,NSF,2024,AI-enabled materials,50000.0,USD,core_match,True,False
NSF_2410178,NSF,2024,AI-enabled materials,531569.0,USD,core_match,True,False
NSF_2410252,NSF,2024,AI-enabled materials,273291.0,USD,core_match,True,False
NSF_2411302,NSF,2024,AI-enabled materials,266538.0,USD,core_match,True,False
NSF_2411303,NSF,2024,AI-enabled materials,857146.0,USD,core_match,True,False
NSF_2411304,NSF,2024,AI-enabled materials,289124.0,USD,core_match,True,False
NSF_2411305,NSF,2024,AI-enabled materials,285136.0,USD,core_match,True,False
NSF_2411306,NSF,2024,AI-enabled materials,292721.0,USD,core_match,True,False
NSF_2411603,NSF,2024,AI-enabled materials,499916.0,USD,core_match,True,False
NSF_2412395,NSF,2024,AI-enabled materials,359990.0,USD,core_match,True,False
NSF_2412396,NSF,2024,AI-enabled materials,249999.0,USD,core_match,True,False
NSF_2412513,NSF,2024,AI-enabled materials,20000.0,USD,core_match,True,False
NSF_2412897,NSF,2024,AI-enabled materials,359790.0,USD,core_match,True,False
NSF_2413206,NSF,2024,AI-enabled materials,487500.0,USD,core_match,True,False
NSF_2413355,NSF,2024,AI-enabled materials,487500.0,USD,core_match,True,False
NSF_2413375,NSF,2024,AI-enabled materials,1275000.0,USD,core_match,True,False
NSF_2413579,NSF,2024,AI-enabled materials,421114.0,USD,core_match,True,False
NSF_2413680,NSF,2024,AI-enabled materials,510000.0,USD,core_match,True,False
NSF_2414203,NSF,2024,AI-enabled materials,550000.0,USD,broad_match,False,True
NSF_2414397,NSF,2024,AI-enabled materials,325000.0,USD,core_match,True,False
NSF_2414398,NSF,2024,AI-enabled materials,235000.0,USD,core_match,True,False
NSF_2414458,NSF,2024,AI-enabled materials,669894.0,USD,core_match,True,False
NSF_2414683,NSF,2024,AI-enabled materials,578793.0,USD,core_match,True,False
NSF_2415023,NSF,2024,AI-enabled materials,425000.0,USD,core_match,True,False
NSF_2415119,NSF,2024,AI-enabled materials,500000.0,USD,core_match,True,False
NSF_2415310,NSF,2024,AI-enabled materials,30000.0,USD,core_match,True,False
NSF_2416727,NSF,2024,AI-enabled materials,400000.0,USD,core_match,True,False
NSF_2416728,NSF,2024,AI-enabled materials,200000.0,USD,core_match,True,False
NSF_2417921,NSF,2024,AI-enabled materials,250000.0,USD,core_match,True,False
NSF_2418035,NSF,2024,AI-enabled materials,24000.0,USD,core_match,True,False
NSF_2418928,NSF,2024,AI-enabled materials,248461.0,USD,broad_match,False,True
NSF_2419109,NSF,2024,AI-enabled materials,420000.0,USD,core_match,True,False
NSF_2420536,NSF,2024,AI-enabled materials,1800000.0,USD,core_match,True,False
NSF_2420602,NSF,2024,AI-enabled materials,274770.0,USD,broad_match,False,True
NSF_2420839,NSF,2024,AI-enabled materials,602669.0,USD,core_match,True,False
NSF_2420854,NSF,2024,AI-enabled materials,275000.0,USD,broad_match,False,True
NSF_2421936,NSF,2024,AI-enabled materials,99500.0,USD,core_match,True,False
NSF_2421937,NSF,2024,AI-enabled materials,191614.0,USD,core_match,True,False
NSF_2421938,NSF,2024,AI-enabled materials,199998.0,USD,core_match,True,False
NSF_2421967,NSF,2024,AI-enabled materials,323890.0,USD,core_match,True,False
NSF_2421968,NSF,2024,AI-enabled materials,251110.0,USD,core_match,True,False
NSF_2422149,NSF,2024,AI-enabled materials,1999997.0,USD,core_match,True,False
NSF_2422658,NSF,2024,AI-enabled materials,616537.0,USD,core_match,True,False
NSF_2422934,NSF,2024,AI-enabled materials,370000.0,USD,core_match,True,False
NSF_2423067,NSF,2024,AI-enabled materials,366358.0,USD,core_match,True,False
NSF_2423068,NSF,2024,AI-enabled materials,326308.0,USD,core_match,True,False
NSF_2423069,NSF,2024,AI-enabled materials,332960.0,USD,core_match,True,False
NSF_2423212,NSF,2024,AI-enabled materials,274991.0,USD,core_match,True,False
NSF_2423277,NSF,2024,AI-enabled materials,20000.0,USD,core_match,True,False
NSF_2423538,NSF,2024,AI-enabled materials,275000.0,USD,core_match,True,False
NSF_2423569,NSF,2024,AI-enabled materials,275000.0,USD,core_match,True,False
NSF_2423572,NSF,2024,AI-enabled materials,366151.0,USD,broad_match,False,True
NSF_2423573,NSF,2024,AI-enabled materials,155884.0,USD,broad_match,False,True
NSF_2424463,NSF,2024,AI-enabled materials,4200000.0,USD,core_match,True,False
NSF_2424949,NSF,2024,AI-enabled materials,4200000.0,USD,core_match,True,False
NSF_2425126,NSF,2024,AI-enabled materials,1600000.0,USD,core_match,True,False
NSF_2425439,NSF,2024,AI-enabled materials,1900000.0,USD,broad_match,False,True
NSF_2425549,NSF,2024,AI-enabled materials,1825740.0,USD,broad_match,False,True
NSF_2425589,NSF,2024,AI-enabled materials,1900000.0,USD,core_match,True,False
NSF_2425655,NSF,2024,AI-enabled materials,1715924.0,USD,core_match,True,False
NSF_2426604,NSF,2024,AI-enabled materials,73500.0,USD,core_match,True,False
NSF_2427091,NSF,2024,AI-enabled materials,5000000.0,USD,core_match,True,False
NSF_2427094,NSF,2024,AI-enabled materials,108007.0,USD,core_match,True,False
NSF_2427805,NSF,2024,AI-enabled materials,199280.0,USD,core_match,True,False
NSF_2427856,NSF,2024,AI-enabled materials,300000.0,USD,core_match,True,False
NSF_2427902,NSF,2024,AI-enabled materials,348047.0,USD,core_match,True,False
NSF_2427903,NSF,2024,AI-enabled materials,332739.0,USD,core_match,True,False
NSF_2427926,NSF,2024,AI-enabled materials,300000.0,USD,broad_match,False,True
NSF_2430743,NSF,2024,AI-enabled materials,649999.0,USD,core_match,True,False
NSF_2431490,NSF,2024,AI-enabled materials,10000.0,USD,broad_match,False,True
NSF_2431589,NSF,2024,AI-enabled materials,399935.0,USD,core_match,True,False
NSF_2433352,NSF,2024,AI-enabled materials,30000.0,USD,core_match,True,False
NSF_2433683,NSF,2024,AI-enabled materials,17250.0,USD,broad_match,False,True
NSF_2435622,NSF,2024,AI-enabled materials,2264054.0,USD,core_match,True,False
NSF_2435747,NSF,2024,AI-enabled materials,189811.0,USD,core_match,True,False
NSF_2437244,NSF,2024,AI-enabled materials,50000.0,USD,core_match,True,False
NSF_2438062,NSF,2024,AI-enabled materials,405320.0,USD,core_match,True,False
NSF_2450841,NSF,2024,AI-enabled materials,599293.0,USD,broad_match,False,True
NSF_2515172,NSF,2024,AI-enabled materials,182625.0,USD,core_match,True,False
NSF_2515460,NSF,2024,AI-enabled materials,249192.0,USD,core_match,True,False
NSF_2528657,NSF,2024,AI-enabled materials,328435.0,USD,core_match,True,False
NSF_2349957,NSF,2025,AI-enabled materials,598958.0,USD,core_match,True,False
NSF_2400546,NSF,2025,AI-enabled materials,517969.0,USD,core_match,True,False
NSF_2401948,NSF,2025,AI-enabled materials,896186.0,USD,core_match,True,False
NSF_2407498,NSF,2025,AI-enabled materials,286000.0,USD,core_match,True,False
NSF_2407499,NSF,2025,AI-enabled materials,213989.0,USD,core_match,True,False
NSF_2408745,NSF,2025,AI-enabled materials,749992.0,USD,core_match,True,False
NSF_2414050,NSF,2025,AI-enabled materials,280405.0,USD,core_match,True,False
NSF_2414051,NSF,2025,AI-enabled materials,269542.0,USD,core_match,True,False
NSF_2422595,NSF,2025,AI-enabled materials,91746.0,USD,core_match,True,False
NSF_2422596,NSF,2025,AI-enabled materials,22387.0,USD,core_match,True,False
NSF_2422597,NSF,2025,AI-enabled materials,16528.0,USD,core_match,True,False
NSF_2427944,NSF,2025,AI-enabled materials,500000.0,USD,core_match,True,False
NSF_2428298,NSF,2025,AI-enabled materials,3000000.0,USD,core_match,True,False
NSF_2429516,NSF,2025,AI-enabled materials,557158.0,USD,core_match,True,False
NSF_2429752,NSF,2025,AI-enabled materials,299977.0,USD,core_match,True,False
NSF_2430109,NSF,2025,AI-enabled materials,496138.0,USD,broad_match,False,True
NSF_2430292,NSF,2025,AI-enabled materials,568008.0,USD,core_match,True,False
NSF_2430716,NSF,2025,AI-enabled materials,285435.0,USD,core_match,True,False
NSF_2430717,NSF,2025,AI-enabled materials,380824.0,USD,core_match,True,False
NSF_2431248,NSF,2025,AI-enabled materials,397101.0,USD,core_match,True,False
NSF_2431965,NSF,2025,AI-enabled materials,550000.0,USD,broad_match,False,True
NSF_2432082,NSF,2025,AI-enabled materials,494999.0,USD,broad_match,False,True
NSF_2433348,NSF,2025,AI-enabled materials,20000000.0,USD,core_match,True,False
NSF_2434393,NSF,2025,AI-enabled materials,479982.0,USD,core_match,True,False
NSF_2435402,NSF,2025,AI-enabled materials,150000.0,USD,core_match,True,False
NSF_2435659,NSF,2025,AI-enabled materials,500000.0,USD,core_match,True,False
NSF_2435905,NSF,2025,AI-enabled materials,500000.0,USD,core_match,True,False
NSF_2435911,NSF,2025,AI-enabled materials,500000.0,USD,core_match,True,False
NSF_2436016,NSF,2025,AI-enabled materials,499999.0,USD,core_match,True,False
NSF_2436148,NSF,2025,AI-enabled materials,348061.0,USD,core_match,True,False
NSF_2436980,NSF,2025,AI-enabled materials,280000.0,USD,core_match,True,False
NSF_2437819,NSF,2025,AI-enabled materials,599926.0,USD,core_match,True,False
NSF_2438891,NSF,2025,AI-enabled materials,307738.0,USD,core_match,True,False
NSF_2438892,NSF,2025,AI-enabled materials,260183.0,USD,core_match,True,False
NSF_2440153,NSF,2025,AI-enabled materials,198270.0,USD,core_match,True,False
NSF_2440312,NSF,2025,AI-enabled materials,549771.0,USD,broad_match,False,True
NSF_2440354,NSF,2025,AI-enabled materials,690000.0,USD,core_match,True,False
NSF_2440733,NSF,2025,AI-enabled materials,574808.0,USD,core_match,True,False
NSF_2440979,NSF,2025,AI-enabled materials,796552.0,USD,core_match,True,False
NSF_2441176,NSF,2025,AI-enabled materials,599491.0,USD,core_match,True,False
NSF_2441210,NSF,2025,AI-enabled materials,676280.0,USD,core_match,True,False
NSF_2441232,NSF,2025,AI-enabled materials,725713.0,USD,core_match,True,False
NSF_2441420,NSF,2025,AI-enabled materials,540025.0,USD,core_match,True,False
NSF_2441526,NSF,2025,AI-enabled materials,803495.0,USD,core_match,True,False
NSF_2441687,NSF,2025,AI-enabled materials,660000.0,USD,core_match,True,False
NSF_2441813,NSF,2025,AI-enabled materials,579723.0,USD,core_match,True,False
NSF_2442097,NSF,2025,AI-enabled materials,650000.0,USD,core_match,True,False
NSF_2442297,NSF,2025,AI-enabled materials,501760.0,USD,core_match,True,False
NSF_2442313,NSF,2025,AI-enabled materials,669490.0,USD,core_match,True,False
NSF_2442658,NSF,2025,AI-enabled materials,600000.0,USD,core_match,True,False
NSF_2442768,NSF,2025,AI-enabled materials,613029.0,USD,core_match,True,False
NSF_2443001,NSF,2025,AI-enabled materials,500000.0,USD,core_match,True,False
NSF_2443257,NSF,2025,AI-enabled materials,612271.0,USD,core_match,True,False
NSF_2443553,NSF,2025,AI-enabled materials,500000.0,USD,core_match,True,False
NSF_2443823,NSF,2025,AI-enabled materials,400000.0,USD,core_match,True,False
NSF_2443952,NSF,2025,AI-enabled materials,625000.0,USD,core_match,True,False
NSF_2443992,NSF,2025,AI-enabled materials,650000.0,USD,broad_match,False,True
NSF_2445516,NSF,2025,AI-enabled materials,387231.0,USD,core_match,True,False
NSF_2445868,NSF,2025,AI-enabled materials,19800000.0,USD,core_match,True,False
NSF_2447758,NSF,2025,AI-enabled materials,364263.0,USD,core_match,True,False
NSF_2447861,NSF,2025,AI-enabled materials,464721.0,USD,core_match,True,False
NSF_2448286,NSF,2025,AI-enabled materials,548193.0,USD,core_match,True,False
NSF_2449220,NSF,2025,AI-enabled materials,300000.0,USD,core_match,True,False
NSF_2449329,NSF,2025,AI-enabled materials,245996.0,USD,core_match,True,False
NSF_2449417,NSF,2025,AI-enabled materials,375000.0,USD,core_match,True,False
NSF_2449418,NSF,2025,AI-enabled materials,300000.0,USD,core_match,True,False
NSF_2449564,NSF,2025,AI-enabled materials,598414.0,USD,core_match,True,False
NSF_2449589,NSF,2025,AI-enabled materials,6908604.0,USD,core_match,True,False
NSF_2450006,NSF,2025,AI-enabled materials,500000.0,USD,core_match,True,False
NSF_2450052,NSF,2025,AI-enabled materials,197129.0,USD,core_match,True,False
NSF_2451210,NSF,2025,AI-enabled materials,50000.0,USD,core_match,True,False
NSF_2451423,NSF,2025,AI-enabled materials,174953.0,USD,core_match,True,False
NSF_2451660,NSF,2025,AI-enabled materials,500000.0,USD,core_match,True,False
NSF_2451870,NSF,2025,AI-enabled materials,254278.0,USD,core_match,True,False
NSF_2452444,NSF,2025,AI-enabled materials,298686.0,USD,core_match,True,False
NSF_2452445,NSF,2025,AI-enabled materials,276385.0,USD,core_match,True,False
NSF_2452446,NSF,2025,AI-enabled materials,300000.0,USD,core_match,True,False
NSF_2452596,NSF,2025,AI-enabled materials,5000000.0,USD,broad_match,False,True
NSF_2452693,NSF,2025,AI-enabled materials,7800000.0,USD,core_match,True,False
NSF_2500486,NSF,2025,AI-enabled materials,1590000.0,USD,core_match,True,False
NSF_2501208,NSF,2025,AI-enabled materials,342980.0,USD,core_match,True,False
NSF_2502667,NSF,2025,AI-enabled materials,534000.0,USD,broad_match,False,True
NSF_2502992,NSF,2025,AI-enabled materials,461544.0,USD,core_match,True,False
NSF_2503018,NSF,2025,AI-enabled materials,465000.0,USD,core_match,True,False
NSF_2503055,NSF,2025,AI-enabled materials,887740.0,USD,core_match,True,False
NSF_2503350,NSF,2025,AI-enabled materials,620209.0,USD,core_match,True,False
NSF_2503457,NSF,2025,AI-enabled materials,300000.0,USD,core_match,True,False
NSF_2503801,NSF,2025,AI-enabled materials,363657.0,USD,core_match,True,False
NSF_2503861,NSF,2025,AI-enabled materials,30000.0,USD,core_match,True,False
NSF_2503885,NSF,2025,AI-enabled materials,18000000.0,USD,core_match,True,False
NSF_2503933,NSF,2025,AI-enabled materials,19800000.0,USD,core_match,True,False
NSF_2505193,NSF,2025,AI-enabled materials,294605.0,USD,core_match,True,False
NSF_2505194,NSF,2025,AI-enabled materials,323702.0,USD,core_match,True,False
NSF_2505283,NSF,2025,AI-enabled materials,500000.0,USD,core_match,True,False
NSF_2505342,NSF,2025,AI-enabled materials,11251.0,USD,core_match,True,False
NSF_2505343,NSF,2025,AI-enabled materials,11251.0,USD,core_match,True,False
NSF_2505420,NSF,2025,AI-enabled materials,450000.0,USD,broad_match,False,True
NSF_2505648,NSF,2025,AI-enabled materials,340277.0,USD,broad_match,False,True
NSF_2505932,NSF,2025,AI-enabled materials,15000000.0,USD,core_match,True,False
NSF_2506377,NSF,2025,AI-enabled materials,305000.0,USD,broad_match,False,True
NSF_2506448,NSF,2025,AI-enabled materials,500000.0,USD,core_match,True,False
NSF_2506979,NSF,2025,AI-enabled materials,305000.0,USD,core_match,True,False
NSF_2507354,NSF,2025,AI-enabled materials,1250000.0,USD,broad_match,False,True
NSF_2507534,NSF,2025,AI-enabled materials,1555000.0,USD,broad_match,False,True
NSF_2507825,NSF,2025,AI-enabled materials,1249115.0,USD,broad_match,False,True
NSF_2508311,NSF,2025,AI-enabled materials,553146.0,USD,core_match,True,False
NSF_2508672,NSF,2025,AI-enabled materials,3000000.0,USD,core_match,True,False
NSF_2508675,NSF,2025,AI-enabled materials,625195.0,USD,broad_match,False,True
NSF_2509047,NSF,2025,AI-enabled materials,582289.0,USD,core_match,True,False
NSF_2510209,NSF,2025,AI-enabled materials,225000.0,USD,core_match,True,False
NSF_2510547,NSF,2025,AI-enabled materials,2999865.0,USD,core_match,True,False
NSF_2512091,NSF,2025,AI-enabled materials,350026.0,USD,core_match,True,False
NSF_2512845,NSF,2025,AI-enabled materials,60200.0,USD,core_match,True,False
NSF_2512938,NSF,2025,AI-enabled materials,49800.0,USD,core_match,True,False
NSF_2513354,NSF,2025,AI-enabled materials,395414.0,USD,broad_match,False,True
NSF_2513480,NSF,2025,AI-enabled materials,299964.0,USD,core_match,True,False
NSF_2513734,NSF,2025,AI-enabled materials,599370.0,USD,core_match,True,False
NSF_2513757,NSF,2025,AI-enabled materials,3000000.0,USD,core_match,True,False
NSF_2513830,NSF,2025,AI-enabled materials,3071873.0,USD,core_match,True,False
NSF_2514002,NSF,2025,AI-enabled materials,589062.0,USD,core_match,True,False
NSF_2514066,NSF,2025,AI-enabled materials,148127.0,USD,core_match,True,False
NSF_2514087,NSF,2025,AI-enabled materials,275956.0,USD,core_match,True,False
NSF_2514088,NSF,2025,AI-enabled materials,324044.0,USD,core_match,True,False
NSF_2514451,NSF,2025,AI-enabled materials,7500000.0,USD,core_match,True,False
NSF_2514716,NSF,2025,AI-enabled materials,7442092.0,USD,core_match,True,False
NSF_2514823,NSF,2025,AI-enabled materials,762583.0,USD,core_match,True,False
NSF_2515064,NSF,2025,AI-enabled materials,450000.0,USD,core_match,True,False
NSF_2515218,NSF,2025,AI-enabled materials,20000.0,USD,core_match,True,False
NSF_2515411,NSF,2025,AI-enabled materials,1999997.0,USD,core_match,True,False
NSF_2516176,NSF,2025,AI-enabled materials,330890.0,USD,core_match,True,False
NSF_2516177,NSF,2025,AI-enabled materials,376661.0,USD,core_match,True,False
NSF_2516178,NSF,2025,AI-enabled materials,329412.0,USD,core_match,True,False
NSF_2516331,NSF,2025,AI-enabled materials,118941.0,USD,broad_match,False,True
NSF_2516332,NSF,2025,AI-enabled materials,30580.0,USD,broad_match,False,True
NSF_2516364,NSF,2025,AI-enabled materials,570000.0,USD,core_match,True,False
NSF_2516515,NSF,2025,AI-enabled materials,372649.0,USD,core_match,True,False
NSF_2517826,NSF,2025,AI-enabled materials,750000.0,USD,core_match,True,False
NSF_2517827,NSF,2025,AI-enabled materials,1250000.0,USD,core_match,True,False
NSF_2519325,NSF,2025,AI-enabled materials,500000.0,USD,core_match,True,False
NSF_2519340,NSF,2025,AI-enabled materials,2000000.0,USD,core_match,True,False
NSF_2519437,NSF,2025,AI-enabled materials,1800000.0,USD,core_match,True,False
NSF_2519438,NSF,2025,AI-enabled materials,200000.0,USD,core_match,True,False
NSF_2519512,NSF,2025,AI-enabled materials,783729.0,USD,core_match,True,False
NSF_2519576,NSF,2025,AI-enabled materials,804308.0,USD,core_match,True,False
NSF_2519577,NSF,2025,AI-enabled materials,588903.0,USD,core_match,True,False
NSF_2519886,NSF,2025,AI-enabled materials,500000.0,USD,core_match,True,False
NSF_2520377,NSF,2025,AI-enabled materials,1500000.0,USD,broad_match,False,True
NSF_2520978,NSF,2025,AI-enabled materials,300000.0,USD,core_match,True,False
NSF_2521468,NSF,2025,AI-enabled materials,374060.0,USD,core_match,True,False
NSF_2521469,NSF,2025,AI-enabled materials,280939.0,USD,core_match,True,False
NSF_2522003,NSF,2025,AI-enabled materials,1000000.0,USD,core_match,True,False
NSF_2522004,NSF,2025,AI-enabled materials,500000.0,USD,core_match,True,False
NSF_2522005,NSF,2025,AI-enabled materials,500000.0,USD,core_match,True,False
NSF_2522293,NSF,2025,AI-enabled materials,902786.0,USD,core_match,True,False
NSF_2522294,NSF,2025,AI-enabled materials,470614.0,USD,core_match,True,False
NSF_2522295,NSF,2025,AI-enabled materials,429646.0,USD,core_match,True,False
NSF_2522459,NSF,2025,AI-enabled materials,666667.0,USD,core_match,True,False
NSF_2522460,NSF,2025,AI-enabled materials,665897.0,USD,core_match,True,False
NSF_2522461,NSF,2025,AI-enabled materials,667000.0,USD,core_match,True,False
NSF_2522539,NSF,2025,AI-enabled materials,1060000.0,USD,core_match,True,False
NSF_2522540,NSF,2025,AI-enabled materials,400000.0,USD,core_match,True,False
NSF_2522541,NSF,2025,AI-enabled materials,519998.0,USD,core_match,True,False
NSF_2522585,NSF,2025,AI-enabled materials,412542.0,USD,core_match,True,False
NSF_2522586,NSF,2025,AI-enabled materials,1587440.0,USD,core_match,True,False
NSF_2522611,NSF,2025,AI-enabled materials,1500000.0,USD,core_match,True,False
NSF_2522612,NSF,2025,AI-enabled materials,500000.0,USD,core_match,True,False
NSF_2522613,NSF,2025,AI-enabled materials,893710.0,USD,core_match,True,False
NSF_2522614,NSF,2025,AI-enabled materials,793931.0,USD,core_match,True,False
NSF_2522615,NSF,2025,AI-enabled materials,312359.0,USD,core_match,True,False
NSF_2522654,NSF,2025,AI-enabled materials,415215.0,USD,broad_match,False,True
NSF_2522655,NSF,2025,AI-enabled materials,367900.0,USD,broad_match,False,True
NSF_2522656,NSF,2025,AI-enabled materials,378686.0,USD,broad_match,False,True
NSF_2522657,NSF,2025,AI-enabled materials,372988.0,USD,broad_match,False,True
NSF_2522658,NSF,2025,AI-enabled materials,465211.0,USD,broad_match,False,True
NSF_2522673,NSF,2025,AI-enabled materials,1998965.0,USD,core_match,True,False
NSF_2522686,NSF,2025,AI-enabled materials,1550000.0,USD,core_match,True,False
NSF_2522687,NSF,2025,AI-enabled materials,450000.0,USD,core_match,True,False
NSF_2522693,NSF,2025,AI-enabled materials,1600000.0,USD,core_match,True,False
NSF_2522694,NSF,2025,AI-enabled materials,384233.0,USD,core_match,True,False
NSF_2522768,NSF,2025,AI-enabled materials,920000.0,USD,core_match,True,False
NSF_2522769,NSF,2025,AI-enabled materials,600000.0,USD,core_match,True,False
NSF_2522770,NSF,2025,AI-enabled materials,480000.0,USD,core_match,True,False
NSF_2522792,NSF,2025,AI-enabled materials,2000000.0,USD,core_match,True,False
NSF_2522798,NSF,2025,AI-enabled materials,2000000.0,USD,core_match,True,False
NSF_2522891,NSF,2025,AI-enabled materials,2000000.0,USD,core_match,True,False
NSF_2523035,NSF,2025,AI-enabled materials,1986697.0,USD,core_match,True,False
NSF_2523217,NSF,2025,AI-enabled materials,2000000.0,USD,core_match,True,False
NSF_2523241,NSF,2025,AI-enabled materials,719591.0,USD,core_match,True,False
NSF_2523242,NSF,2025,AI-enabled materials,640000.0,USD,core_match,True,False
NSF_2523243,NSF,2025,AI-enabled materials,640000.0,USD,core_match,True,False
NSF_2523281,NSF,2025,AI-enabled materials,1640000.0,USD,core_match,True,False
NSF_2523282,NSF,2025,AI-enabled materials,350000.0,USD,core_match,True,False
NSF_2523284,NSF,2025,AI-enabled materials,300776.0,USD,core_match,True,False
NSF_2523285,NSF,2025,AI-enabled materials,330000.0,USD,core_match,True,False
NSF_2525105,NSF,2025,AI-enabled materials,10000.0,USD,core_match,True,False
NSF_2525533,NSF,2025,AI-enabled materials,620000.0,USD,core_match,True,False
NSF_2525779,NSF,2025,AI-enabled materials,49770.0,USD,broad_match,False,True
NSF_2526098,NSF,2025,AI-enabled materials,1000000.0,USD,core_match,True,False
NSF_2527684,NSF,2025,AI-enabled materials,651110.0,USD,core_match,True,False
NSF_2528156,NSF,2025,AI-enabled materials,1241749.0,USD,core_match,True,False
NSF_2528312,NSF,2025,AI-enabled materials,305000.0,USD,core_match,True,False
NSF_2528393,NSF,2025,AI-enabled materials,1168940.0,USD,broad_match,False,True
NSF_2528425,NSF,2025,AI-enabled materials,1237656.0,USD,core_match,True,False
NSF_2528710,NSF,2025,AI-enabled materials,23340.0,USD,core_match,True,False
NSF_2529222,NSF,2025,AI-enabled materials,95000.0,USD,core_match,True,False
NSF_2530548,NSF,2025,AI-enabled materials,209999.0,USD,core_match,True,False
NSF_2531517,NSF,2025,AI-enabled materials,200453.0,USD,core_match,True,False
NSF_2532020,NSF,2025,AI-enabled materials,1428383.0,USD,core_match,True,False
NSF_2532170,NSF,2025,AI-enabled materials,450000.0,USD,core_match,True,False
NSF_2532260,NSF,2025,AI-enabled materials,408933.0,USD,core_match,True,False
NSF_2532261,NSF,2025,AI-enabled materials,201741.0,USD,core_match,True,False
NSF_2532263,NSF,2025,AI-enabled materials,14978985.0,USD,core_match,True,False
NSF_2532334,NSF,2025,AI-enabled materials,542001.0,USD,broad_match,False,True
NSF_2532335,NSF,2025,AI-enabled materials,180000.0,USD,broad_match,False,True
NSF_2532344,NSF,2025,AI-enabled materials,702284.0,USD,core_match,True,False
NSF_2532612,NSF,2025,AI-enabled materials,249497.0,USD,core_match,True,False
NSF_2532734,NSF,2025,AI-enabled materials,247996.0,USD,core_match,True,False
NSF_2532771,NSF,2025,AI-enabled materials,249556.0,USD,core_match,True,False
NSF_2532916,NSF,2025,AI-enabled materials,249950.0,USD,core_match,True,False
NSF_2533356,NSF,2025,AI-enabled materials,450000.0,USD,core_match,True,False
NSF_2533380,NSF,2025,AI-enabled materials,449999.0,USD,core_match,True,False
NSF_2533416,NSF,2025,AI-enabled materials,750000.0,USD,core_match,True,False
NSF_2534171,NSF,2025,AI-enabled materials,6908604.0,USD,core_match,True,False
NSF_2534987,NSF,2025,AI-enabled materials,49500.0,USD,core_match,True,False
NSF_2535176,NSF,2025,AI-enabled materials,400000.0,USD,core_match,True,False
NSF_2536089,NSF,2025,AI-enabled materials,99917.0,USD,broad_match,False,True
NSF_2538194,NSF,2025,AI-enabled materials,100000.0,USD,broad_match,False,True
NSF_2538838,NSF,2025,AI-enabled materials,50000.0,USD,core_match,True,False
NSF_2540352,NSF,2025,AI-enabled materials,90000.0,USD,core_match,True,False
NSF_2540353,NSF,2025,AI-enabled materials,70000.0,USD,core_match,True,False
NSF_2540354,NSF,2025,AI-enabled materials,69999.0,USD,core_match,True,False
NSF_2540355,NSF,2025,AI-enabled materials,70000.0,USD,core_match,True,False
NSF_2544942,NSF,2025,AI-enabled materials,49635.0,USD,core_match,True,False
NSF_2554343,NSF,2025,AI-enabled materials,625184.0,USD,core_match,True,False
NSF_2554740,NSF,2025,AI-enabled materials,300000.0,USD,broad_match,False,True
NSF_2601653,NSF,2025,AI-enabled materials,400000.0,USD,core_match,True,False
NSF_2605687,NSF,2025,AI-enabled materials,351750.0,USD,core_match,True,False
NSF_2614637,NSF,2025,AI-enabled materials,200453.0,USD,core_match,True,False
NSF_2618386,NSF,2025,AI-enabled materials,300000.0,USD,broad_match,False,True
NSF_2624565,NSF,2025,AI-enabled materials,500000.0,USD,core_match,True,False
CORDIS_101168943,CORDIS,2024,Autonomous laboratories,3603168.0,EUR,core_match,True,False
NSF_2117782,NSF,2021,Autonomous laboratories,999810.0,USD,broad_match,False,True
NSF_2226511,NSF,2022,Autonomous laboratories,1074218.0,USD,core_match,True,False
NSF_2231634,NSF,2022,Autonomous laboratories,300000.0,USD,core_match,True,False
NSF_2332452,NSF,2023,Autonomous laboratories,100000.0,USD,core_match,True,False
NSF_2339026,NSF,2024,Autonomous laboratories,1370964.0,USD,broad_match,False,True
NSF_2415023,NSF,2024,Autonomous laboratories,425000.0,USD,core_match,True,False
NSF_2420490,NSF,2024,Autonomous laboratories,1800000.0,USD,core_match,True,False
NSF_2435754,NSF,2025,Autonomous laboratories,333332.0,USD,broad_match,False,True
NSF_2435755,NSF,2025,Autonomous laboratories,166668.0,USD,broad_match,False,True
NSF_2505932,NSF,2025,Autonomous laboratories,15000000.0,USD,core_match,True,False
NSF_2522768,NSF,2025,Autonomous laboratories,920000.0,USD,core_match,True,False
NSF_2522769,NSF,2025,Autonomous laboratories,600000.0,USD,core_match,True,False
NSF_2522770,NSF,2025,Autonomous laboratories,480000.0,USD,core_match,True,False
CORDIS_101042290,CORDIS,2022,Cheminformatics,1492821.0,EUR,core_match,True,False
CORDIS_101046294,CORDIS,2022,Cheminformatics,2047125.0,EUR,core_match,True,False
CORDIS_101057619,CORDIS,2022,Cheminformatics,22982612.0,EUR,core_match,True,False
CORDIS_101071040,CORDIS,2022,Cheminformatics,3360825.0,EUR,broad_match,False,True
CORDIS_101098944,CORDIS,2023,Cheminformatics,2988377.7,EUR,broad_match,False,True
CORDIS_101124151,CORDIS,2024,Cheminformatics,1999763.0,EUR,broad_match,False,True
CORDIS_101130724,CORDIS,2024,Cheminformatics,1994770.0,EUR,core_match,True,False
CORDIS_101186814,CORDIS,2025,Cheminformatics,2999205.0,EUR,core_match,True,False
CORDIS_101211977,CORDIS,2025,Cheminformatics,200400.0,EUR,broad_match,False,True
NSF_2102583,NSF,2021,Cheminformatics,450000.0,USD,core_match,True,False
NSF_2105005,NSF,2021,Cheminformatics,252772.0,USD,core_match,True,False
NSF_2105032,NSF,2021,Cheminformatics,150001.0,USD,core_match,True,False
NSF_2133650,NSF,2021,Cheminformatics,499995.0,USD,core_match,True,False
NSF_2229755,NSF,2023,Cheminformatics,191801.0,USD,core_match,True,False
NSF_2233237,NSF,2023,Cheminformatics,275000.0,USD,broad_match,False,True
NSF_2313269,NSF,2023,Cheminformatics,550000.0,USD,core_match,True,False
NSF_2324394,NSF,2023,Cheminformatics,594633.0,USD,core_match,True,False
NSF_2333728,NSF,2023,Cheminformatics,1454200.0,USD,core_match,True,False
NSF_2400056,NSF,2024,Cheminformatics,529170.0,USD,core_match,True,False
NSF_2420490,NSF,2024,Cheminformatics,1800000.0,USD,core_match,True,False
NSF_2435822,NSF,2025,Cheminformatics,500000.0,USD,core_match,True,False
NSF_2442214,NSF,2025,Cheminformatics,550000.0,USD,core_match,True,False
NSF_2447179,NSF,2025,Cheminformatics,455019.0,USD,core_match,True,False
NSF_2447180,NSF,2025,Cheminformatics,28726.0,USD,core_match,True,False
NSF_2513757,NSF,2025,Cheminformatics,3000000.0,USD,core_match,True,False
NSF_2532469,NSF,2025,Cheminformatics,223656.0,USD,core_match,True,False
CORDIS_101067497,CORDIS,2023,Materials informatics,181152.96,EUR,core_match,True,False
CORDIS_101118768,CORDIS,2024,Materials informatics,9973679.0,EUR,core_match,True,False
CORDIS_101192848,CORDIS,2025,Materials informatics,19949437.4,EUR,core_match,True,False
NSF_2034856,NSF,2021,Materials informatics,260000.0,USD,core_match,True,False
NSF_2034871,NSF,2021,Materials informatics,440546.0,USD,core_match,True,False
NSF_2039351,NSF,2021,Materials informatics,20100000.0,USD,core_match,True,False
NSF_2039380,NSF,2021,Materials informatics,22500000.0,USD,core_match,True,False
NSF_2102592,NSF,2021,Materials informatics,426990.0,USD,core_match,True,False
NSF_2104007,NSF,2021,Materials informatics,554395.0,USD,core_match,True,False
NSF_2114595,NSF,2021,Materials informatics,516594.0,USD,core_match,True,False
NSF_2118061,NSF,2021,Materials informatics,600000.0,USD,core_match,True,False
NSF_2118099,NSF,2021,Materials informatics,400000.0,USD,core_match,True,False
NSF_2118172,NSF,2021,Materials informatics,384494.0,USD,core_match,True,False
NSF_2118181,NSF,2021,Materials informatics,299817.0,USD,core_match,True,False
NSF_2118197,NSF,2021,Materials informatics,389917.0,USD,core_match,True,False
NSF_2118206,NSF,2021,Materials informatics,724628.0,USD,core_match,True,False
NSF_2118448,NSF,2021,Materials informatics,560000.0,USD,core_match,True,False
NSF_2118523,NSF,2021,Materials informatics,1040000.0,USD,core_match,True,False
NSF_2118578,NSF,2021,Materials informatics,1799460.0,USD,core_match,True,False
NSF_2118592,NSF,2021,Materials informatics,1769806.0,USD,core_match,True,False
NSF_2118718,NSF,2021,Materials informatics,1799118.0,USD,core_match,True,False
NSF_2118838,NSF,2021,Materials informatics,900000.0,USD,broad_match,False,True
NSF_2118839,NSF,2021,Materials informatics,450000.0,USD,broad_match,False,True
NSF_2118840,NSF,2021,Materials informatics,450000.0,USD,broad_match,False,True
NSF_2119033,NSF,2021,Materials informatics,400000.0,USD,core_match,True,False
NSF_2119103,NSF,2021,Materials informatics,1799981.0,USD,core_match,True,False
NSF_2119172,NSF,2021,Materials informatics,1799420.0,USD,core_match,True,False
NSF_2119433,NSF,2021,Materials informatics,1382303.0,USD,core_match,True,False
NSF_2119575,NSF,2021,Materials informatics,1655906.0,USD,core_match,True,False
NSF_2119640,NSF,2021,Materials informatics,1177594.0,USD,core_match,True,False
NSF_2119671,NSF,2021,Materials informatics,622222.0,USD,core_match,True,False
NSF_2119672,NSF,2021,Materials informatics,831521.0,USD,core_match,True,False
NSF_2119673,NSF,2021,Materials informatics,968428.0,USD,core_match,True,False
NSF_2122158,NSF,2021,Materials informatics,799058.0,USD,core_match,True,False
NSF_2122643,NSF,2021,Materials informatics,77000.0,USD,core_match,True,False
NSF_2124850,NSF,2021,Materials informatics,19897.0,USD,core_match,True,False
NSF_2127823,NSF,2021,Materials informatics,75141.0,USD,core_match,True,False
NSF_2129051,NSF,2021,Materials informatics,1316305.0,USD,core_match,True,False
NSF_2132475,NSF,2021,Materials informatics,104250.0,USD,core_match,True,False
NSF_2150816,NSF,2021,Materials informatics,152050.0,USD,core_match,True,False
NSF_2118399,NSF,2022,Materials informatics,876311.0,USD,core_match,True,False
NSF_2118557,NSF,2022,Materials informatics,432903.0,USD,core_match,True,False
NSF_2118673,NSF,2022,Materials informatics,484805.0,USD,core_match,True,False
NSF_2118890,NSF,2022,Materials informatics,1713569.0,USD,broad_match,False,True
NSF_2145797,NSF,2022,Materials informatics,588795.0,USD,core_match,True,False
NSF_2150360,NSF,2022,Materials informatics,468938.0,USD,core_match,True,False
NSF_2152210,NSF,2022,Materials informatics,2000000.0,USD,core_match,True,False
NSF_2209423,NSF,2022,Materials informatics,600000.0,USD,core_match,True,False
NSF_2226414,NSF,2022,Materials informatics,439997.0,USD,core_match,True,False
NSF_2226415,NSF,2022,Materials informatics,191540.0,USD,core_match,True,False
NSF_2226416,NSF,2022,Materials informatics,99312.0,USD,core_match,True,False
NSF_2226417,NSF,2022,Materials informatics,174000.0,USD,core_match,True,False
NSF_2226419,NSF,2022,Materials informatics,156587.0,USD,core_match,True,False
NSF_2229690,NSF,2022,Materials informatics,300000.0,USD,broad_match,False,True
NSF_2231655,NSF,2022,Materials informatics,49883.0,USD,broad_match,False,True
NSF_2232967,NSF,2022,Materials informatics,192372.0,USD,core_match,True,False
NSF_2232968,NSF,2022,Materials informatics,106769.0,USD,core_match,True,False
NSF_2235945,NSF,2022,Materials informatics,750000.0,USD,core_match,True,False
NSF_2241238,NSF,2022,Materials informatics,49153.0,USD,core_match,True,False
NSF_2226081,NSF,2023,Materials informatics,406000.0,USD,core_match,True,False
NSF_2226898,NSF,2023,Materials informatics,271000.0,USD,core_match,True,False
NSF_2239216,NSF,2023,Materials informatics,537398.0,USD,core_match,True,False
NSF_2309029,NSF,2023,Materials informatics,18000000.0,USD,core_match,True,False
NSF_2311557,NSF,2023,Materials informatics,299965.0,USD,core_match,True,False
NSF_2316628,NSF,2023,Materials informatics,15000.0,USD,core_match,True,False
NSF_2316667,NSF,2023,Materials informatics,249860.0,USD,core_match,True,False
NSF_2317008,NSF,2023,Materials informatics,249726.0,USD,core_match,True,False
NSF_2321005,NSF,2023,Materials informatics,983166.0,USD,core_match,True,False
NSF_2323119,NSF,2023,Materials informatics,570000.0,USD,broad_match,False,True
NSF_2323422,NSF,2023,Materials informatics,952291.0,USD,core_match,True,False
NSF_2323423,NSF,2023,Materials informatics,440001.0,USD,core_match,True,False
NSF_2323424,NSF,2023,Materials informatics,440000.0,USD,core_match,True,False
NSF_2323665,NSF,2023,Materials informatics,453737.0,USD,core_match,True,False
NSF_2323666,NSF,2023,Materials informatics,399985.0,USD,core_match,True,False
NSF_2323667,NSF,2023,Materials informatics,346256.0,USD,core_match,True,False
NSF_2323668,NSF,2023,Materials informatics,399996.0,USD,core_match,True,False
NSF_2323669,NSF,2023,Materials informatics,400000.0,USD,core_match,True,False
NSF_2323715,NSF,2023,Materials informatics,1149379.0,USD,core_match,True,False
NSF_2323716,NSF,2023,Materials informatics,800000.0,USD,core_match,True,False
NSF_2323727,NSF,2023,Materials informatics,421114.0,USD,core_match,True,False
NSF_2323729,NSF,2023,Materials informatics,350229.0,USD,core_match,True,False
NSF_2323759,NSF,2023,Materials informatics,1995603.0,USD,core_match,True,False
NSF_2323936,NSF,2023,Materials informatics,1000000.0,USD,broad_match,False,True
NSF_2323937,NSF,2023,Materials informatics,534000.0,USD,broad_match,False,True
NSF_2323938,NSF,2023,Materials informatics,465452.0,USD,broad_match,False,True
NSF_2323968,NSF,2023,Materials informatics,1450000.0,USD,core_match,True,False
NSF_2323969,NSF,2023,Materials informatics,550000.0,USD,core_match,True,False
NSF_2323976,NSF,2023,Materials informatics,455000.0,USD,core_match,True,False
NSF_2323977,NSF,2023,Materials informatics,364656.0,USD,core_match,True,False
NSF_2323978,NSF,2023,Materials informatics,790000.0,USD,core_match,True,False
NSF_2323979,NSF,2023,Materials informatics,390000.0,USD,core_match,True,False
NSF_2324022,NSF,2023,Materials informatics,1781906.0,USD,core_match,True,False
NSF_2324156,NSF,2023,Materials informatics,1219164.0,USD,core_match,True,False
NSF_2324157,NSF,2023,Materials informatics,314920.0,USD,core_match,True,False
NSF_2324158,NSF,2023,Materials informatics,465916.0,USD,core_match,True,False
NSF_2324167,NSF,2023,Materials informatics,1425000.0,USD,core_match,True,False
NSF_2324168,NSF,2023,Materials informatics,475000.0,USD,core_match,True,False
NSF_2324172,NSF,2023,Materials informatics,400000.0,USD,core_match,True,False
NSF_2324173,NSF,2023,Materials informatics,798131.0,USD,core_match,True,False
NSF_2324190,NSF,2023,Materials informatics,1000000.0,USD,core_match,True,False
NSF_2324191,NSF,2023,Materials informatics,1000000.0,USD,core_match,True,False
NSF_2334411,NSF,2023,Materials informatics,200000.0,USD,core_match,True,False
NSF_2323611,NSF,2024,Materials informatics,1799747.0,USD,core_match,True,False
NSF_2323908,NSF,2024,Materials informatics,750000.0,USD,core_match,True,False
NSF_2323909,NSF,2024,Materials informatics,375000.0,USD,core_match,True,False
NSF_2323910,NSF,2024,Materials informatics,375000.0,USD,core_match,True,False
NSF_2324252,NSF,2024,Materials informatics,1500000.0,USD,core_match,True,False
NSF_2328176,NSF,2024,Materials informatics,499997.0,USD,core_match,True,False
NSF_2339764,NSF,2024,Materials informatics,553654.0,USD,core_match,True,False
NSF_2404283,NSF,2024,Materials informatics,99283.0,USD,core_match,True,False
NSF_2409552,NSF,2024,Materials informatics,346256.0,USD,core_match,True,False
NSF_2413579,NSF,2024,Materials informatics,421114.0,USD,core_match,True,False
NSF_2414458,NSF,2024,Materials informatics,669894.0,USD,core_match,True,False
NSF_2422384,NSF,2024,Materials informatics,150000.0,USD,broad_match,False,True
NSF_2424949,NSF,2024,Materials informatics,4200000.0,USD,core_match,True,False
NSF_2427937,NSF,2024,Materials informatics,12600.0,USD,core_match,True,False
NSF_2441813,NSF,2025,Materials informatics,579723.0,USD,core_match,True,False
NSF_2442768,NSF,2025,Materials informatics,613029.0,USD,core_match,True,False
NSF_2445868,NSF,2025,Materials informatics,19800000.0,USD,core_match,True,False
NSF_2502667,NSF,2025,Materials informatics,534000.0,USD,broad_match,False,True
NSF_2513480,NSF,2025,Materials informatics,299964.0,USD,core_match,True,False
NSF_2514002,NSF,2025,Materials informatics,589062.0,USD,core_match,True,False
NSF_2522613,NSF,2025,Materials informatics,893710.0,USD,core_match,True,False
NSF_2522614,NSF,2025,Materials informatics,793931.0,USD,core_match,True,False
NSF_2522615,NSF,2025,Materials informatics,312359.0,USD,core_match,True,False
NSF_2522673,NSF,2025,Materials informatics,1998965.0,USD,core_match,True,False
NSF_2522768,NSF,2025,Materials informatics,920000.0,USD,core_match,True,False
NSF_2522769,NSF,2025,Materials informatics,600000.0,USD,core_match,True,False
NSF_2522770,NSF,2025,Materials informatics,480000.0,USD,core_match,True,False
NSF_2523035,NSF,2025,Materials informatics,1986697.0,USD,core_match,True,False
NSF_2523217,NSF,2025,Materials informatics,2000000.0,USD,core_match,True,False
NSF_2133650,NSF,2021,Molecular machine learning,499995.0,USD,core_match,True,False
NSF_2154428,NSF,2022,Molecular machine learning,360835.0,USD,core_match,True,False
NSF_2154447,NSF,2022,Molecular machine learning,199252.0,USD,core_match,True,False
NSF_2318829,NSF,2023,Molecular machine learning,299320.0,USD,broad_match,False,True
NSF_2318830,NSF,2023,Molecular machine learning,183910.0,USD,broad_match,False,True
NSF_2318831,NSF,2023,Molecular machine learning,316765.0,USD,broad_match,False,True
NSF_2322218,NSF,2023,Molecular machine learning,981182.0,USD,broad_match,False,True
NSF_2339524,NSF,2024,Molecular machine learning,566128.0,USD,core_match,True,False
NSF_2435696,NSF,2025,Molecular machine learning,500000.0,USD,core_match,True,False
NSF_2435819,NSF,2025,Molecular machine learning,280000.0,USD,core_match,True,False
NSF_2435820,NSF,2025,Molecular machine learning,220000.0,USD,core_match,True,False
NSF_2534280,NSF,2025,Molecular machine learning,50000.0,USD,core_match,True,False
CORDIS_101044355,CORDIS,2022,Reaction prediction,2000000.0,EUR,core_match,True,False
CORDIS_101098156,CORDIS,2023,Reaction prediction,2499250.0,EUR,core_match,True,False
CORDIS_101246252,CORDIS,2025,Reaction prediction,150000.0,EUR,core_match,True,False
NSF_2144153,NSF,2022,Reaction prediction,650000.0,USD,core_match,True,False
NSF_2154502,NSF,2022,Reaction prediction,505681.0,USD,core_match,True,False
NSF_2221346,NSF,2022,Reaction prediction,1800000.0,USD,core_match,True,False
NSF_2227112,NSF,2022,Reaction prediction,418678.0,USD,core_match,True,False
NSF_2235778,NSF,2023,Reaction prediction,743908.0,USD,core_match,True,False
NSF_2236215,NSF,2023,Reaction prediction,770000.0,USD,core_match,True,False
NSF_2408693,NSF,2024,Reaction prediction,493008.0,USD,core_match,True,False
NSF_2448653,NSF,2025,Reaction prediction,7199398.0,USD,broad_match,False,True
NSF_2454140,NSF,2025,Reaction prediction,549996.0,USD,core_match,True,False
